variance,skewness,curtosis,entropy
0.3968769876231839,0.057466425852360545,-1.0395376530953413,0.5195150635487655
-0.3817311487806531,-0.22255310559302136,-0.41215983913518717,0.26034814674018986
1.2570744578793194,-0.2779252997420885,-0.11902626158524483,1.135260368200827
-0.10891208130527219,-0.2972001412044079,-0.7098258065533323,0.857102976373626
-1.1841958979317369,-0.4195084182209955,0.2744421208535502,1.2277962906343984
-1.9051769669627956,0.28771110530076793,-0.1335831773726845,-0.1336141851893624
0.0629231488635604,0.21270163966803554,0.6621979470653501,0.8816086492270019
-1.0670963446624782,-1.482776484955687,1.408021757039171,0.9104070791579413
0.011350040350025715,1.4144112001638938,-0.575438380521969,-1.327720850407419
1.342548327288189,-0.7664521773462838,0.1672168894224095,1.0225257444188525
-2.4796163093311816,0.8347602697629236,-0.1272897221402914,-2.994836278377315
-0.5010494304276454,-0.3017560898045121,1.1046684898725263,-0.12750198140342753
-1.830127599138197,-1.3636318494338373,2.291171928723839,0.06614590133390265
0.16644971932681263,1.1463146002618496,-0.6989884812352385,-0.04292613831898068
-2.5364580172940636,0.8662950688164679,-0.16781488990816368,-3.020564391987878
0.884011129223301,1.1722435891721485,-1.1583808646344387,-0.07661433127866792
-1.579481728275846,-2.485081789782141,3.2628345773179386,0.12188067120518271
0.019200112657910787,-0.2733695205018074,-0.5166252262798133,1.0304905619104467
0.5948720819028152,-1.3615317876279087,1.5323525125423034,0.4122908994590718
0.8258311406516273,1.5973536810319848,-1.0903031748714125,-1.5189048990604965
-1.0691742013971806,-0.4790858167766121,0.29804544802939875,0.49623183145257665
-0.6639217023086504,1.656578811155639,-0.33681035000459,-2.7901959051102416
-1.0568127147212378,-1.4957494474019892,1.6981957345181342,1.2994843862012153
1.442602411750735,-0.7272115063435652,0.28289156093206413,1.341132658510027
-1.0119803143267216,0.3167901869199599,-0.41589779795252974,-0.0386618100962354
-2.6413017376196533,1.256703332931561,-0.2854618627839714,-1.5758573715464936
-0.08775316052206292,-0.43492863011049715,-0.12217413722319118,0.7155699226607121
0.3104874525346148,-0.2772241500746252,-0.7548741800154091,1.2032527126412649
1.0747513338868522,0.8382660181002403,-0.47826293148856075,0.3528603784614126
0.7560996773514369,1.0390759603010322,-0.37773066685874274,-0.25922234206155775
0.5575410964996831,0.026626002073357222,0.17607961733085065,0.535442803274966
-0.5015671337157831,0.13947045217742038,-1.0405249518001674,-0.04662188944535989
-1.0339915085502664,-0.38516393970290613,0.01751485324873973,1.105220544942822
0.9795925390196228,0.8056811881437315,-0.4692119280131526,0.9869896758959759
-1.2082145130684692,-2.567441471735624,2.7698281170846504,-0.669687624213134
-0.01041815028929126,0.6209943010981352,0.14322323485162955,0.38349720767060214
-0.8126117215275412,-1.7817135086367344,1.4397071573335982,0.2591209678405332
-0.7154807236578821,-1.544118612867576,1.1811956197140665,0.5146110860926086
-0.3948462987468101,-0.7916867909820414,0.5286141362588453,1.0476473757932916
1.0855280145786996,1.2700319510062865,-1.2500389211383174,-1.2995289027126034
0.037724733716446184,-0.32137456234781775,-0.03837084553143086,0.3087387957834086
0.0912277837395013,-0.32628786017457595,0.9783631369597415,-0.06500588222786148
0.5047494482739329,-0.7433345614987608,0.3214650917252796,0.19724082718603025
-0.5171686681814318,-0.30280747558606097,-0.3800909995763276,0.7915460371626227
-1.508658509742168,-2.5281838647506,3.570137039303889,-0.5171668181129466
1.2797195744965024,-0.23762274264879132,0.05921100320140602,1.0090504672349778
-1.0013092873671472,-0.5610864559052107,-0.0647294249067948,0.6512401623493655
0.21191252032389124,1.1000624325844979,-0.6451003402997166,-0.20715015631936892
1.2255192098404453,0.10651303061018239,0.02578060984728592,1.0029240490216336
-0.35013716103994563,-0.333647221925772,-0.37360008460296923,1.069068517898882
0.9843469569719083,-1.0727563533303879,0.5494851716701744,0.5035854285655773
-0.8107803901681422,-1.384310683829314,0.973839931265537,0.6677810177111473
0.780576125328019,0.21375167057099997,-0.2453293184545301,0.8521989989174689
0.9048953503026006,0.0714724832193214,0.16170638502337872,0.7413027744137446
-0.29099572350458724,1.086733814509772,-0.7647012461936806,-1.0042478639998456
-0.7791899242185106,-1.3895608383441362,1.076725640482441,0.6426641244791779
1.233513675582437,0.3469362354244222,-0.16152143467577057,0.734565135821807
0.7777586924674053,0.20184567500996795,-0.23824602425827593,0.8528149574385322
0.09757405125803376,-0.255146403540683,0.18138347781491773,0.8044100939679042
0.9362392908769287,-0.8484562036713436,0.11863260897095466,0.3975884433755402
-0.08060744642933129,-1.08186791181095,0.16308401112313636,1.259636608030896
-1.8840110025974346,0.8775236250852647,-0.36317375107130306,-2.7222035606698034
-0.49282252647465324,-1.1810450241941697,0.7180836458455205,1.2320606188571435
-1.2544908478040502,-2.0887120598953794,1.7363789379164183,-0.5349348523743849
-0.1992706749362309,-0.009125856574350577,-0.8325722920417432,0.30629865241150445
-0.8047229095178227,0.14892073030410014,-0.48947680794058834,-0.5398151391181936
-0.3861509965807409,-1.185600803434451,0.7239844776394828,1.2761727252502082
-0.35305320405068086,-1.1922566444806608,0.4662535948098136,0.5997749326575473
-1.4314960672721089,-1.424601385734997,2.0926560077487553,0.34305716169156825
0.15234494606836504,1.469080551047267,-0.649026574684026,-1.3356809297565435
1.8119326418664397,1.4273841626101962,-1.4257321697274157,-1.4876331587603646
1.2205534844236137,-0.8109599388461304,0.18452905740936448,0.7210851204954626
-0.9170680448347959,-0.3455625322770723,-0.02025506231961715,0.4760141775342946
-0.4170371043152191,-1.4617589309140928,1.017510678627856,0.8705829916999707
0.6147702014808997,0.9455046580610577,-0.6285688271026243,-0.9895122409190257
1.213862081379656,0.7099928881155225,-0.8868737208071924,0.2517673707275325
1.6052035057189058,1.0506432362159466,-1.0242000825180388,-0.23775855667374018
-1.7751524404454708,0.2673709905514087,-0.1703726823667138,0.1261686901402765
0.8834124247404208,0.8407217355345925,-0.3856015039753584,0.9128566988147849
-1.8686912114178473,-1.1628219072330455,2.065516773583528,0.3234554662943494
0.2352619951562277,1.0243585916772242,-0.07260485411040964,-0.7726474600800824
0.9481429447130216,0.17241093776235253,-0.18650468399487644,0.953292006651349
-0.45413212971627487,0.18431693332338456,-0.6189254444043203,-0.11892594353323992
-0.16212983103327938,-0.9956468258917266,0.08871516217121672,1.0096616876135711
-0.5944367643837639,-0.021048788117688483,-0.663399806991498,-0.09684619962435911
1.2248500695360496,-0.8744021285639482,0.4036864094458182,1.0899163447656361
1.7717842236026937,-0.05503930460558501,-0.31398928484905386,1.4887731778664062
-0.978241555820872,-0.4331757559418388,0.13181189865863666,0.3626635952312568
-1.4138166760717576,0.003847105871951742,-0.28074119734880165,-0.5814634114270051
-1.2698810748051528,-2.5250337720417066,3.276013867005621,0.2615705874973768
-0.07506062548499798,1.2623091430748061,-1.1701825282223628,-2.3883066608288526
0.46854543601504617,-0.5064171050218375,0.031268153811320754,0.451503766538449
1.1836451139495734,-0.8435617047849449,0.2398177848796401,0.8215669078507492
0.02122162073540114,0.29997275649022337,-1.259108292961722,-0.36824700028974394
-0.29014697185532734,0.3798767210093544,0.39149441846296257,0.3988156222751969
0.17735670628846364,0.33360761734969646,-1.4558333000071213,-1.3828728287549237
-0.4757101436375004,0.15838794441308574,-1.0452548014093357,0.00483433777576581
0.5056651139536323,0.9805452054519188,-0.2882171149834868,-0.8988715754733411
-0.2611344569731573,1.0695607284516122,-1.0430965205197154,-0.6225431066394508
-0.5090438961696369,0.15628788260715692,-0.6069171369014323,-0.16730237814904964
0.6803107334009271,1.2931495668538096,-1.0533139140929182,-0.8504477594328342
1.0820062235029326,0.8189928702361513,-0.5115096413627132,0.8019604743110605
-1.0281805532752506,-0.35852872033045224,-0.001174940837973057,0.35776435591756955
1.5934407235258436,0.9030969583671401,-1.0777208564936254,0.02506620612145701
1.7519213219353669,1.2861380701791763,-1.4581982248117054,-1.2823768269722282
0.17039764712274766,-0.41390091447951943,1.327361748898358,0.25483294890543934
-1.185252435254467,-1.6138440520208743,2.3930703392359165,0.1757959943680915
-0.8314533037828956,0.27683820466039444,-0.7332224898142173,-1.2486886340125407
-0.987679955903928,1.7792291950148051,-0.1619140581142015,-3.018147939328322
0.06988220802927637,1.3187398361179907,-0.38973208623113187,-0.2132623601053037
-0.08422784765521997,-0.40549050566642053,-0.4162904213909607,1.1444523645920779
0.03377680592051119,-0.3697437278134045,-0.28152874026916314,0.7866420597064657
1.0569662889542277,-0.9805907376218014,0.5890230407332203,0.7462067518699016
-1.4990440201053234,-2.4696531099014867,2.6143859721619904,-0.7634554636888319
0.06349015722675892,0.32029593525727657,-1.3507663494656008,-1.3430724320093017
-0.2901011885713424,-1.0706562915244588,0.16014507544365328,1.021914524040259
0.5465178904325316,-0.24323024639026747,0.7294949820385136,0.42577091478541645
-1.7401106192415874,-2.5239837411387422,3.5988605434838368,-0.8627195484294011
2.1482284716914486,1.3457188559312538,-1.3364160775931249,-0.9533602138750857
0.629773031463668,-1.1880565208688032,0.6618076196704187,-0.016582066187354597
1.2929967268521447,0.7191213825783906,-0.8813632164081616,0.4821405957476386
-0.6624073321460706,-0.6988267999989142,0.02497699462242725,0.8687445924217204
-1.572825543142646,-2.603176394401026,3.7351996064898567,-0.9980882787892131
0.2976681330188222,0.5165500982177873,0.13594477695790977,0.6794226337592417
0.8756644843737329,0.06376661127014703,-0.014560874440618633,0.5574993302857452
-2.3468447857747585,1.1529704413080597,-0.321465110641999,-1.1794643725299767
0.177638449574525,0.9006412409327879,-0.029714761537953313,-0.5888549136797635
2.2403233083227603,0.5666636698608796,-0.9073314683885942,0.8338197442774371
-1.4239594343699673,-0.23937561681744968,0.21502051508400152,0.358375576296163
0.7288762323357567,0.17625540574578674,-0.5122971842830746,0.5170607057494522
-0.31102062756139953,0.1755610304712458,-0.7336128172091486,-0.47059087763562935
-0.451029431778524,0.2554649949903768,-1.1658430060081262,-1.062432253527969
1.1109905640564965,-0.9514947200203034,0.3255979700245527,0.23767613502259438
0.22371052042771133,-0.20888576787217805,1.051538043291871,0.2989450552985038
1.2649280519782804,-0.7335116917613516,0.20007327190163057,1.0641882311550734
-0.949996791393219,-1.5080110985914446,1.3970007482411095,0.8656790142438135
-2.2973636211602293,1.257058988559984,-0.4237663390256458,-2.4428426806552945
1.8602516154259654,1.407044047860837,-1.4223799462180053,-1.4796730794112403
0.2945689568721471,0.11913033742806127,0.13810305784753013,0.4852014357830757
1.2091780992488856,0.9388488170148479,-0.7424755451175898,0.6414369455795211
-1.5329940860757192,-1.6436344448969133,1.9313359914671286,0.8001220750328103
0.7395824772060887,0.8305601461510659,-0.4658688886777406,0.7578483679179961
-2.375441729309988,0.8116257179330945,-0.20283414536400432,-2.74669975723824
-0.9565825407049037,1.6358999767601623,0.27108989734413985,-0.9760559163050295
0.047455442458790936,0.27578817375743,-1.2372729192805627,-0.2702622140159982
-0.06941871618161895,-0.19311498114894474,-0.4794430978473532,0.5918096413517063
0.8538645976147341,-0.24147737222160912,0.7304822807433399,0.45946858403004315
1.1370870359279313,-0.987585298314129,0.6738159271733065,1.2155245016378315
0.31707320184629945,-1.1260200176823731,1.6092929302137708,-0.31740673158968147
-0.34285057530418334,-0.35712811459375615,-0.31890763962953883,0.9367511512895673
1.4731363403776363,1.4666248336129148,-1.3763442740511023,-1.4177929387567376
0.14825262483832358,0.7990084111152158,-0.1953582277293192,0.3657291734091637
-0.6543776484933215,0.07462257592821468,-0.4257340483047997,-0.13115035110510959
-0.7812677809532131,-0.330843639414857,-0.49754280875466966,0.39942684265379036
1.0782379070518617,-0.19521843015133475,0.06511183499536817,0.8803862084698149
0.7777234745566477,0.640961824236765,-0.1560109302767398,-0.13053439258404645
0.6790781065244087,0.45451359503135735,-1.4690125896948034,-0.7983755736906454
-0.7353084074144515,-1.3916609001500648,0.7458198513206422,0.6555281812844593
0.7301440771230328,0.12299174139380141,0.15718317932917422,0.6702353755104606
1.0374203484837197,0.5981984689144237,-0.9028082626943899,0.14883596371540223
0.23533243097774303,0.35428645174517315,0.45661021211150965,0.9747368394692878
0.8729174873346346,0.9377987861118835,-0.5479065229183114,0.15618956082840293
-0.34219200037301484,0.16854953379661236,-0.739329965523143,-0.4963189912461922
1.1885756214556475,0.7303330028648818,-0.7928507394987295,0.5593372557497484
-0.5574227401774507,1.4995653191978469,0.15718317932917422,-2.1021702370826487
-0.04229035952498431,-0.2961484167032129,-0.38953462649016657,0.6445025237574281
0.7847318387974243,1.514638343450078,-1.0812567634830035,-1.4570247584059937
1.0197409572833687,1.3429244188507838,-1.2008576693769675,-1.1843446592737852
1.2876436044169786,-0.7906367600790771,0.1518793188451071,0.8944774441747531
0.4125489579103479,0.23934193983518118,0.3366189788226143,0.61631720946207
-0.6190540840033765,0.1356090482116803,-0.5166252262798133,-0.3878629101143721
0.7349337129860762,-1.1558104105584122,1.1396831532413676,0.3779820098358516
0.9262021863109922,-0.8113155944745537,0.18689398221394854,0.6806498126588985
0.07655952390893095,0.07673957371644935,0.8034505431605059,0.8356581435556871
0.39680655180166857,0.0714724832193214,0.4204245665578742,0.6622705580188665
-0.6233858870265702,-0.2744212450030024,-0.1485350126420547,1.4164691237785259
0.04449361616407072,0.9405932231923532,-0.03993215511115623,-0.8271834799065242
-0.5789408836503882,1.6320385727944222,-0.28782449154505585,-2.6560590917925557
-1.0889666672429923,-0.28668628338891905,0.08871516217121672,1.036005759745197
0.019728381319275845,-0.8698463493236672,0.38580023058396407,0.10841013216377755
1.137756176232327,-0.9858408921366234,0.6551261330865938,1.1236045377253234
0.48421740630221016,0.7096541684694049,-0.19791602018786936,0.8178901092942488
-1.2594917911316394,-1.4757649882810537,2.1424342308199997,0.09310593198659187
-0.8558593159379622,1.6821521444375143,-0.416487881131926,-3.154748586730261
-2.0795760610347864,0.9083640488642681,-0.29844828481768726,-3.0089559429370714
0.7122885963688932,-0.4857433514210526,0.9026166619080641,0.5017470292873272
-1.36356071742056,0.5056941335597197,-0.5001006012132199,-1.7308893931556308
-1.4305451836816518,-2.6305110698427128,3.7186680932927643,-0.6060069894201388
0.9316257445676736,0.20990720258756576,-0.13791121936942324,0.7805156414931218
-1.0775208462467487,-1.9005194245124664,1.9252285157582023,0.4423165082896679
-0.44035840481894944,1.3029724365912185,-1.193005200608349,-2.9801480367211926
-0.2642899817770447,0.22111882287405676,-1.1447882871168291,-0.9362081381347104
-1.3535940486761386,-0.43703038551465656,0.2579106076564579,0.9153063184716286
-0.6522293559371034,1.8002636850387053,-0.1648644740111826,-3.0016118221090102
-0.04896767540463889,1.3877708999967482,-0.5986743407378822,-1.3810249531917342
0.46181881506033085,-0.4475442433301454,0.95886972764817,1.1928761806325847
-0.9409457883284975,-1.8595174113499364,1.742670097105312,0.44047810901141776
-0.40650694899867523,-0.4019847573291039,-0.40488138124146733,0.8001220750328103
-1.0213130606775047,0.29296125981558996,-0.6488199307690623,-0.7965276981274558
-0.08897522202535413,1.280887915664354,-0.3452698926745021,-0.30575090111417785
0.42839701775130024,0.3952884649077031,-1.3659202365629355,-0.5588150904217583
-0.06697459317503653,0.508844226268613,-1.453078047807606,-2.182434370519653
0.34746625883017024,0.293655635090131,-1.2547687707474853,-0.18142204270880607
-1.1017507688480273,-2.48718185158807,2.585272140587111,-0.329062562065185
-1.0048662963536719,-0.4499982671662671,0.368488062597009,0.9361399309109738
0.7949098150063915,1.2209684102661589,-1.0838053717675553,0.11636547337043224
-1.2268447878592776,-0.4310740005376794,0.2976551206344674,0.9814792162036949
-0.9048826477126414,-0.11707580779201504,-0.44599663218873586,0.18314959148109214
-0.8943172744853397,1.5156883743530425,0.2834885322419591,-1.7167697285958745
-0.1688998052361374,1.333812860370222,-0.2882171149834868,-0.18938212205793045
-1.2919979227609706,-0.34135732787052286,-0.09954892457817058,0.5967112497366284
-0.24788195715504538,-0.6192615551259006,0.16664287854751036,1.1634523158956427
1.0615093994419675,1.1750549622349242,-1.0556788388975022,0.13781030618837103
-2.0088584962333815,0.8049698768868847,-0.3692720426062305,-2.6756276201924862
-1.5305992681441976,0.5123499746059297,-0.5355124801074913,-1.8319539720346927
1.2530596160529448,-0.6883095549869639,0.2423663931641918,1.115644458376199
-0.15258616461496866,-0.4952054847353465,-0.0015652682329043615,0.9416551287457243
0.29861901660927936,0.4527691888538519,0.20303516801610955,0.6818722534160853
0.32115847949418935,1.1866222381498388,-0.7629332926989916,0.32038988811644253
-0.6659643411325954,1.6947694512553932,-0.22801715046757504,-2.7405875534523054
-1.2985836720726553,0.1559322269787335,-0.24945990071030358,0.1672199564979039
-0.8193031245714988,-0.46086100621725706,0.25910455027624785,0.6212188178469922
-0.8648398831811686,1.656578811155639,0.28585345704654314,-1.8938341126891958
-0.2503753852366885,0.010841666564279252,-0.8906162717115341,0.19356402862952993
-0.7816199600607899,1.7059810715418844,0.38697121276875807,-1.7455776348117535
0.06320489214962179,0.8855851526628624,-0.2433616091753762,0.3792091887355083
-0.20448996931051788,-0.21484384644738583,-0.41215983913518717,0.5470839455088135
-1.392932454992458,-2.378893180724288,2.9755995355184583,0.28301542031531557
-1.1489779871740653,0.0161087570614072,-0.4208159231286647,-0.42586281272150156
-1.6157561763562478,0.32485171449755773,-0.4735399700098914,-1.4055685311848678
-0.23584799704914888,1.2444416817421053,-1.1741087626066724,-2.651747382145113
-0.7073101683621023,-2.036142770817935,1.8841293371154315,-0.009237945359293452
1.1511389823202425,-0.97496799149625,0.4473801172431331,0.5722038711519635
0.7520496176143047,0.27859954682020566,-0.1485350126420547,0.9594231630071628
-0.9145323552602435,-0.05153355626826833,-0.3429091007482173,-0.2518782212334966
1.1686422839668051,-0.8057097843313084,0.19437908402263201,0.5005198503876704
-0.5010494304276454,-1.4540530589649183,0.8211759989773881,0.7308883372653068
1.3664612886926482,0.24670909213823797,-0.1316177641370302,0.8828358281266584
0.09653864468175821,0.5046441026567554,-1.4253418423324844,-2.1095143579107094
-0.08935205367046122,-0.39532722268466336,1.4505215222166963,1.0059848890570708
-1.2857995704676204,-1.6001767143000312,2.401336095834463,0.300783454576754
0.17632129971218807,0.6339503275621315,0.18473570132432818,0.5158382649922653
-0.7830286764910966,1.7017809479300265,0.29076699013567897,-0.999936154352403
0.26220369688584666,0.37286522433472097,-1.4172827296489017,-0.6629594619061359
-0.30711848304944944,0.2074514851532135,-1.0033520075417057,-0.6991114889500761
1.6899377990018642,0.35745348043637226,-0.6811023023733844,1.0537643177216962
-0.3074495314105716,-0.3434607768729128,-0.30966101324796513,0.5329917621753814
-0.6552580962622632,0.24494774997842672,-0.6433323868050276,-0.37009487585293355
1.2069241529603945,-0.6816537139407541,0.2803429526475123,1.098492382635824
1.6127753565318055,-0.40689111140311657,-0.2077522705401393,1.0991083411568872
1.5717464904991176,0.6136271487950785,-0.8923842252062232,0.33509234419997413
1.098593859469796,-0.072906765938286,-0.08892972339253832,1.2387887811641416
1.2499604399062696,1.4014382377175916,-1.227422892667295,-1.354680881060108
0.5203509827395815,-0.23867446714998636,0.7434549265160582,1.0905323032866994
1.1248664208950192,0.9157142651850191,-0.8445805995446312,0.0330262854705815
0.8499906274313902,-1.004758384372289,0.5089600039023022,0.42087167547172916
1.6081265923117927,-1.1589605032673052,0.48062682711728555,0.46253416220794996
0.2810804970519588,0.4331403853613397,-0.6297398092874182,-0.25491063241411543
0.4783007972949213,-1.4137454210769294,1.5250740546485835,0.376754830936195
-1.503375823128517,0.09391265977460933,-0.16722480672876747,0.05998631612327071
-0.7329135894829297,-0.1321318960619403,-0.4050765449389331,0.2909802378069097
0.7252135696169587,0.0616665494642182,0.3017879989337405,0.9514583455155686
0.5286976275891497,0.8578948215927525,-0.19103018573258046,0.8895734667185959
1.1522307375537302,1.3071725602030764,-1.219754107378644,-1.0115919848279065
0.3128470525553788,-0.13773770620518583,-0.8616861236166226,0.7645860065099335
1.0656298950006151,0.8158427775272581,-0.60005196683764,0.39146202516219625
0.4013848802001659,-1.1277813598421846,1.6325059299946878,-0.42955856384788077
1.9277995682591802,0.7271659741736825,-0.9183524771866558,0.401876462310634
1.5728030278218479,-0.27021604059645293,-0.27582307217266666,0.734565135821807
-1.6511501766677081,0.7446947158602659,-0.2872344083656596,-2.0525618854247125
0.3010490524515588,0.004897136774916156,-1.0838053717675553,0.6059013508708914
1.2102346365716157,-0.02350450555204074,0.04405711610407134,1.0335561400883535
1.247143007045656,-0.23937561681744968,-0.010818323536276894,1.3417486170310904
0.3395422289096941,1.1028568696649677,-0.8056167413564842,-0.3572545097600007
0.6213911687033421,0.37637097267203773,-1.4265128245172782,-0.4252468542004385
1.3240237062296536,-0.1254760550157304,-0.15778347585842803,1.0304905619104467
0.027476321685963662,0.7043870779722771,0.06274691019078413,0.35653717701791293
-1.0415985772739238,0.2831553260604868,-0.6386025371958595,-0.7744953356432722
-0.7788025272001762,-1.3033566884072185,1.024192165211681,1.1493326513358864
-0.40932790365036475,-0.889119497187756,0.6226600780023042,1.2878285557257116
-0.16565584825833748,1.256703332931561,-0.41825813067011464,-0.3554066341968111
-0.9883843141190813,1.8763062455920962,0.4406756702243123,-2.2406187600477767
0.001946858177727325,-0.4244147722950083,1.3720197949655035,0.7480451511481517
0.6491076644696299,0.2817496395290989,-0.1914228091710114,0.7737780029011844
-0.985954278276802,1.7084367889762366,0.38442260448420634,-2.0041380693842057
-1.2156454922383382,-0.2642579620212452,-0.22014631335095938,0.6077397501491415
-0.760242688230883,-0.1366876753022214,1.7037062389171649,1.024980102218166
-1.0466347385122705,-0.3557258152588295,0.01808886412363876,1.1469161986763308
-0.37308162989856886,0.10302421825517158,-0.9819069612554776,0.14945192223646547
0.6017395745005611,-0.442287314422401,0.9317304934829435,0.23216567533031363
-0.9556668750252044,0.2438977190754623,-0.5264614766320833,-0.7977596151695823
1.032454623066888,-0.12268161793526054,0.16781386073230445,1.563541066038539
-0.6993157026201107,1.5188384670619357,0.31535761601635387,-1.366336711535612
-0.7998276199225063,-1.8097594953352678,1.6759700334420433,0.47233737897779426
-0.5102659576729281,-1.4452802201304735,1.0137681277235142,0.8338197442774371
1.3206427867969173,-0.7923981022388885,0.1383097017624938,0.8944774441747531
0.41610596689687274,1.014197002293698,-0.5246912270938947,-1.110240111047413
0.14035676924645354,0.13947045217742038,0.661623936190451,0.8344309646560305
1.2355915323171396,-0.14159911017092597,-0.1491250958214509,1.049499989498951
-1.2645983881915017,-1.521678436312288,2.2915622561187705,0.535442803274966
1.2997937836283755,0.9150198899104779,-0.8922005417262555,0.0018019265951470036
-1.8347411454474518,0.21131288911895357,-0.07673773240968272,-0.03927776861729864
1.627954276068362,0.23829190893221674,-0.6151828934999787,1.105220544942822
-0.7028374936958779,-1.180333712937323,1.2097124799790508,0.6579778009413029
-0.3635375760832398,-0.07712382553244955,-0.6507945281787151,0.04221828186183225
0.45731092248334887,0.42262314034938964,0.1674235333373731,0.9324631323544734
0.7344758801462263,0.7243715370932126,-0.5900182567444047,-0.011085820922483055
0.8426300840830367,0.8543890732554359,-0.5058039732662166,0.8044100939679042
-0.6934343115235795,-0.30526065262306734,1.2533832273413696,0.33509234419997413
1.0748922055298828,1.4084497343922249,-1.305327648608593,-1.7835775374188831
0.5172165886821487,0.7061484201320882,-0.2638216528002776,-0.39767086502668597
-1.356552353179783,-1.7084653851638132,2.0485949329915045,1.040293778680291
-0.869066032472089,-1.9036695172213596,1.8194038708618154,0.5262527021407031
-0.7515790821844958,-0.671136468928804,0.04013088171976193,0.9122454784361915
0.4915427317398059,0.22603025774276128,-0.3602210391308224,0.4508925461598555
0.2856588254504561,1.1761049931378886,-0.67538515405939,-0.27575845928086984
-0.02945695284488867,-0.19697130431999307,-0.1497151790008471,0.36450199450950704
-1.0957637240192228,1.399693831540086,-0.6291657984125192,-2.0170258169018354
-0.18013607966337264,-0.5887767869753208,1.6224722199014527,0.9330743527330669
1.0451682888504077,0.7436446849573016,-0.7715893766924691,0.4037148615888842
-0.12207301455541415,0.315384500388572,-1.3425235533020508,-1.4974411136726788
-0.9265416628286097,-0.2961484167032129,-0.5638433608490084,0.1666039979768407
0.048254889032990085,-0.1479077635798654,-0.8315849933369168,0.6212188178469922
-1.3558127770538722,-2.5169722444641085,2.673807577931539,-0.7137997306061986
1.019494431908065,1.4368344407368758,-1.1800095944006344,-1.1776164969667873
-1.7048222726624003,-1.2514817746043152,2.188079575591971,0.38165880839235194
-1.3325689559538088,-0.3217319115744718,0.3564797550941211,0.3620523748526634
0.037724733716446184,-0.32137456234781775,-0.03837084553143086,0.3087387957834086
-0.2858222124142853,-0.3827099158667845,-0.4334074256804501,0.8718054324571576
0.8772140724470706,-0.134943269124716,-0.1752908075428488,0.9986312919440702
0.8169210092299364,1.542328674520188,-1.1402650814226247,-1.5115607782324352
-1.5512017459374356,-2.498393471874561,2.6750015205513287,-0.9944399090875312
-0.43894616659756674,1.6068039591586645,-0.409994670115068,-2.7650837500207417
0.5621546428089379,-0.4853927765873209,0.8731125029382534,0.4361853519338542
-1.1260159093600632,-0.24007676648491302,0.23646556137022967,0.6782001930020547
-1.4273755717134613,-1.4302071958782427,2.0930463351436863,0.4974542722097636
1.5572014933561993,-0.04628340175344626,-0.3236291798572819,1.3521725304644672
1.3133526792700791,-0.8705407245982081,0.2697122712443821,0.6782001930020547
-0.9455593346377523,-0.3574786894274878,-0.19496560429088827,0.6016128581215505
0.7752582208036104,1.504121098438128,-1.1040794358689894,-1.400024904495299
-0.2704038110845765,0.1321032998743636,-0.9608522423641808,0.26402494529669013
1.2046349887611458,1.381115058950538,-1.2258615830875699,-1.3589925907075506
0.14251914896697462,1.4175612928727872,-0.6659484152760498,-1.3240724807057371
-0.06655197824594447,1.244086026113682,-1.0781111838885566,-1.720465479722254
-1.966949182431752,-1.2167799468595717,2.0607869239743604,0.07225810511983753
0.26808508798237785,1.1694491520916788,-0.8317916372518804,0.19295280825093644
0.7951563403816949,0.8768123138284177,-0.45858813474052124,0.7731667825225909
-0.2683823030070862,0.10231290699832472,-1.0011707662170894,0.2615705874973768
-0.2611415005553088,1.0695607284516122,-1.0430965205197154,-0.6225431066394508
0.5736004638051814,-1.4705148337662315,1.6197169677019372,0.2897577970497227
-0.057712282645768824,0.8908353071776846,-0.39583037776605934,0.014642292688079794
1.457288280536684,0.6357116697219429,-0.811127245755515,0.6665585769539603
1.0541136381828564,1.2956052842881618,-1.2445513771742824,-1.128008145308851
-1.0378654787336103,-1.5788035046300135,1.2598810304452268,0.26953540498897094
1.8818754126311763,0.5312674668415951,-0.8375087855658749,0.7829699992924352
-0.8663894712545059,-1.9261096937766475,1.899466907692734,0.5139998657140151
-0.26715671971271915,1.2153456641406073,-0.44462130213247775,-0.4099426540232528
0.5473631202907159,-0.012631604911667252,-1.0027550362318107,0.6745233944455544
1.2993359507885256,-0.9837408303306946,0.33386372662309893,0.566689905234255
-0.9837707678098264,-2.0028466296045795,1.6224722199014527,-0.31252644484587305
1.8521867138624586,0.6703965614843804,-0.8768400107139572,0.45885736365144963
-0.049721338694853075,-0.4692731086285865,1.5335464551620934,0.9030534820449406
-1.3298219589147102,-0.30000304627603064,-0.19653839408811163,0.4349629111766672
1.437319725137084,1.0762165694978219,-0.8784242807286785,-0.17711033306136362
0.11078428958323648,0.8077812499496605,-0.5858853784451316,0.07410598068302714
0.670661025853325,-1.475426268634936,1.60986694108867,0.3626635952312568
-1.3819444668360648,0.138420421274456,-0.2864468654452981,0.09064209790233914
0.6824238080463874,-0.04242199778770612,0.37241429698131845,0.9146950980930351
-0.9810237707707279,-1.897369331803573,1.796374554560866,0.19662960680743674
-0.34863335625059305,-0.3592298699979156,-0.4282918407633498,0.7737780029011844
1.4744041851649126,-1.1351315761629355,0.4697895017991916,0.45579178547354277
1.5365637976522035,-0.18120051759675979,0.05232287270261753,1.13772420228508
1.096199041538274,1.3383686396105028,-1.2372729192805627,-1.066128004654348
0.1197648568264428,0.16504378545929574,0.6738159271733065,0.860163816409063
-1.9409231463818324,-1.299850940069902,2.2581089023296537,0.39023484626253957
-1.0251165950393333,1.8209425194341822,-0.1546356002204817,-3.0549159248933253
0.974098544941426,0.993518167898221,-0.41038958959699856,-0.6286553104253857
-0.642614866300259,1.4939595090546016,0.06727011588498853,-0.800223449253835
0.1972266515379421,0.8515777001926601,-0.7841946555052521,-0.7101513609045165
-2.3337789408836622,1.1578818761767642,-0.37320516512103874,-1.1470080966124159
0.12408961626748494,0.5025271048685206,-1.5315797750587987,-2.306810610349722
1.1582177823825346,-0.9434331924427057,0.5935462464274248,1.1934447577289506
1.1791724392833494,1.4010995180714738,-1.252610489857865,-1.586897243500934
0.5096095199584916,1.185216551618451,-0.8605151414318285,0.2168472607257188
-0.9584490899750603,-1.896674956529032,1.8284502822502244,0.16783117687649737
1.2597510190969023,-0.22991348350315582,-0.08755209729278063,1.0991083411568872
0.1829493105167819,0.26247649166501014,-1.2349079944759787,-0.23591068111055058
0.977937297214012,-0.945194534602517,0.8888404009104872,0.7707124247232774
-0.8579019547619071,0.17100525123096463,-0.85362701093304,-0.5490071355094441
0.268613356643743,-0.16542973087352647,0.9982239132312483,0.520126283927359
0.6097340402425526,-0.08377966657865946,-0.05763465049304268,0.9814792162036949
-0.9304860688334688,-1.4091896418366485,1.0619620807800376,0.47662539791288805
1.3809358500140514,-1.1435487593689566,0.44933175421778987,0.5611756550279986
1.0468235306560185,-0.2050311382993603,0.15954810413375825,1.4716211021260308
1.396748691944246,-0.7152885748002271,0.06786708719488357,1.0059848890570708
-1.0558618311307808,-0.4482453929976088,0.44795412811803215,0.575880006368518
-0.9829959737731576,-0.07361807719513287,-0.5120997245421093,-0.03435010044879307
0.8882372785142219,0.9136142033790899,-0.4174705877497531,-0.4877429533760046
-1.1786666859427826,-0.01718738415194834,-0.16525939349311314,0.3553147362607259
1.909767997951252,0.6777637137874372,-0.9702889811475209,0.4325132915198236
1.0784492145164075,-0.09990272173385506,0.11902293636588603,1.4275089957329663
-0.8092308020948046,-1.4333742245694416,0.972071977770848,0.8356581435556871
-0.7214677684866863,-0.682348089215295,0.06864774198474623,1.0023080905005706
-0.8037368080166079,-1.8476114157889043,1.7465963314896211,0.5170607057494522
-0.8386025396667028,1.6625402769273079,0.2608725037709369,-0.977287833347156
1.5751978457533695,0.9707392716968156,-0.8615024401366549,0.17089675505440421
-2.425873777514974,1.2970109708195496,-0.3183173268457926,-2.671363291969741
0.6217785657216766,1.3141840568777097,-1.0381600269955835,-0.7119992364677061
-1.2020865965966345,-1.7182882549012222,2.033234401979206,1.1260683718095763
0.16635463096776693,1.1876722690528032,-0.7100094900333,-0.2114144845421141
1.1919917587991418,1.402488268620556,-1.2089397424955461,-1.425753018105862
-1.9962857020928928,0.9122085168477024,-0.3073002213216804,-2.883963744585939
0.3068952256373323,0.7191213825783906,-0.21680327401554736,0.8111524707023113
0.6127627805677124,0.6980868925544905,-0.20185143874617717,0.9778024176471944
-0.6992452667985953,-1.4414357521470396,0.9964559597365593,0.5244143028624528
-0.5485478266665175,0.07357254502525024,-0.9030149066093534,-0.10973394714198917
-0.694244323471006,-1.5567359196854549,1.4898757077997744,1.157340112109708
0.1551659007200546,0.25370365283056545,-1.3564834977795954,-1.1763845799246608
1.2043532454750845,0.7671179564332481,-0.8819601877180566,0.1090118762574316
1.682999870582603,1.550390202097786,-1.3230301439904792,-1.3681845870988014
0.048254889032990085,0.010147291289738267,-1.0786851947634557,0.42148289585032267
-0.750029494111158,-0.36799085364474615,0.003348264856231393,0.586908506781031
1.8566241706179252,0.5771809148728296,-0.8424223186550107,0.6108029592558134
0.13010835721597103,0.9598663710564422,-0.1743081009250216,0.1365831272887143
-1.5996263732292342,0.17801674790559804,-0.12374692702041452,0.26524738605387715
1.2427407682009468,-1.0738063842333523,0.5329536584730821,0.5231871239627962
1.5712182218377526,-0.20047535905907918,-0.14597722018350456,1.1481481157184572
-1.621567131631264,0.26913233271122006,-0.4334074256804501,-1.2670726267950425
-1.4209659119555649,-2.4328512203508144,3.0948101140174917,0.3522491580828191
0.8214993376284337,0.04203774597170597,0.09856518878448424,0.7566211890183394
1.7355449934330494,1.3755092488072929,-1.1979187336974846,-1.0189361056559678
-0.6694861322083626,-0.6325901732006264,0.6008247043211445,0.8362693639342806
1.2452764577754991,-0.16402743153859978,-0.055086042208490914,1.3754368099907774
0.17641638807123378,0.6718022480157683,0.2099232985148981,0.6065144665064727
-1.2605483284543697,-1.778563415927841,2.0735758862671108,1.0353945393666035
0.6095579506887644,0.45346356412839295,-1.46607365401532,-0.7162635646904513
0.4502673403318145,-1.1316258278256188,1.562453642822009,-0.4037830688126209
-0.32752374054244454,0.07883963552237817,-1.008058896715878,0.08083414299002516
-0.029471040009191735,-0.19696283632884015,-0.14970599482684874,0.36450673265197675
-0.25855650590569573,0.2361918471262879,-1.140081397942657,-0.888447662039964
0.3818741576404157,1.2377858406958953,-0.6984144703603394,-0.2481824701071174
1.0192831244435188,-1.0464717087916657,1.0595971559754536,0.6616545994978034
0.15201389770724294,0.49131548458202956,-1.4355592359056872,-2.073978289387833
-0.9806715916631513,0.21901876106812793,-0.5532126794458782,-0.7113832779466429
0.5559562905155878,-0.10655856278006498,0.6447020955984273,1.003535269400227
-0.30204358210926896,-0.3206805257929229,-0.338777600075044,0.3632795537523201
-1.3009432720934193,-1.538851522370448,2.3497899192685288,0.12677991051887003
1.181989872143963,1.2062341056600452,-1.3299182744892677,-1.3356809297565435
-1.1170353421168568,-1.4733262068290074,1.4062538035444823,0.8546533567167823
-0.1243762659189659,0.017158787964371616,-1.096594334060306,0.2658633445749403
-0.22216583871979337,0.9746006756625557,-0.04663660212997705,-1.1420804284439103
0.9050362219456313,-0.7562905879627572,0.20872935589510802,0.7186355008386188
-0.28610395570034663,0.223574540308409,-1.1054570619687472,-0.9331757269540915
0.5980416938710056,-1.4824377653095693,1.548103370949533,0.5366680869176348
0.034808690705710965,-0.1475605759425949,-0.8453612543344938,0.5722038711519635
0.0850223878639995,-0.28808858272384574,-0.7336128172091486,0.7462067518699016
0.16419225124724585,-0.9602506228724422,0.7424676278112319,0.4349629111766672
1.537021630492053,0.9970239162355379,-0.8858864221023661,-0.003741700094421806
1.295673288069728,-0.9402830997338124,0.5553860034641366,1.3472448622959619
-0.7492899179852471,-0.5488248047157552,0.1349574782530834,0.8227940867504059
-0.694138669738733,0.008402885112232868,1.317328038805123,0.9974088511868832
-0.16071942414325616,1.0997067769560742,-0.2069670236632774,-1.232768475314292
-1.0380415682873987,1.742427305464133,0.3240137000098313,-1.1978483653124785
1.0288271782588478,0.2361918471262879,-0.11469821958850607,0.6941298279852429
0.7980794269745818,0.1689051894250358,-0.20617948074291592,0.8166676685370619
-0.17153269624438097,0.8978468038523179,-0.14342172376845405,0.21623130220465564
0.4146268146450505,0.4026556172107599,-1.4491518134232966,-0.6862711228571433
-0.29358071815420045,-1.2577988960044075,0.7727754020059011,1.3080604240714029
-0.9600338959591556,-0.3339977967595037,0.3222457465151423,0.8056372728675608
-0.069841331110711,0.0904069114372927,-0.9760061294615155,0.2909802378069097
-0.2219791837927777,0.6816081817708715,-0.209129896639897,0.2431913328573449
-0.12240406291653627,0.2284859751771136,-1.1111512498477456,-0.7732634186011457
0.03151933784094441,-0.9034812101831401,0.06786708719488357,1.096644507072634
-2.614360035890034,1.2058953860139277,-0.27346273945508187,-1.5912089531483764
1.1361009344267166,1.3572861318461684,-1.2600726312315527,-1.4937927439709966
0.49883283926664396,0.10126287609536026,0.248864196268049,0.7535603489829021
-0.8177183185874036,1.0183971259055553,-0.7056929282540593,-0.2959903276265611
0.037724733716446184,-0.32138150610056315,-0.03837084553143086,0.3087482720683481
0.5152443856797191,0.9963295409609967,-0.3621887484099763,-0.8829040353503952
1.1143714834892329,-0.15071066865148816,-0.1654545571905788,0.8754822310136579
0.7418012055838222,-1.0636447948498255,1.0507573885020085,0.6120282428984822
-1.5350367248996641,0.3290518381094154,-0.39543775432762834,-1.2346163508774814
-0.7931362168785485,-1.392372211406912,0.9657578581469586,0.7768388429366214
-0.6881164069991711,-0.6928653342272453,0.04504441480889769,0.9986312919440702
-0.17595183968625364,-0.05890070857132515,-0.6470519772743734,0.21439764106887518
1.373680960397971,-0.842850393528098,0.22190864558279008,0.947165588438005
-1.2502646985131294,-1.4410800965186161,2.0965822421330644,0.1525127622719026
-0.24548361743244793,0.23163606788600682,-1.0277359895074167,-0.7413757197799509
-0.012390353291720882,-0.47803409227541704,-0.5699508365579342,0.7272115387088065
-0.5572466506236624,0.24775912304120243,-0.6324950614869337,-0.3523268415914952
1.5949550936884234,1.0148913775682387,-0.8634770375463076,0.23399933646609405
0.5226753648495879,-1.1256643620539497,1.6342738834893769,-0.30944665224055706
0.7599384296240232,0.6637407204381706,-0.3084806172848228,-0.1716140877964921
-1.3448952247189938,-0.25689758411111074,0.2842691870318218,0.3957500440972901
0.9579687418144123,0.907652737607421,-0.5695375487280069,-0.6525355484727587
1.8976882545613707,0.5957596874623775,-0.8754623846141996,0.5458581880518977
-2.0599596847427635,1.2276242513123685,-0.41983321651083755,-2.22901031099697
-2.416435377431918,0.7748407643647282,-0.07476313500003004,-2.5604433767536685
-1.4021947655217257,0.16995522032800026,-0.2880196552425215,0.0024178851162102396
1.658629076338294,0.3535920764706321,-0.778867834586189,0.7682628050664339
0.947579458140899,-1.192951019755202,1.191619657202233,0.8472997596037817
0.630089992660487,1.3702590942924706,-1.0525332593030554,-0.8437195971258363
0.8569989916721669,-0.1973218791537248,0.20223155279125093,1.4593493131294641
-0.1684768381279378,-0.4906497054950653,-0.5394456026222997,0.8828358281266584
-0.39569505039607,-0.8635292279235748,0.5502658264600372,1.1358763267218903
0.011681088711147829,0.6188773033099005,0.08478892778690725,0.35163793770422563
1.3225445539778313,0.837215987197276,-0.6175478183045627,0.9355287105323804
-0.43542085373072387,-1.57844784900159,1.167029031321558,0.7462067518699016
0.688903903625799,0.7779908570736216,-0.49734534901370436,0.683099432315742
0.5178857289865444,-0.31717601086932556,0.7822121407892414,0.41412929873732196
-0.669556568029878,-0.5596977053561287,0.1619130289383423,0.7743892232797779
1.2237230963918042,-0.15982222713205035,-0.14322426402748878,0.89569988493194
1.166846170518164,1.339063014885044,-1.2207414060834703,-1.098584280571909
1.4837369315156956,-0.8912195589936847,0.47766493100280644,1.2749408082080818
0.19578271719687756,-0.1303874898844349,-0.8516524135233873,0.8564917559950325
-0.9599634601376403,1.735077089143382,-0.25733073782691923,-3.100828525424882
1.3651582259946144,-1.21539119631049,0.5673713505320286,0.24135293357909474
-1.42195201345678,0.35078070340785644,-0.34172870478507494,-0.42955856384788077
1.1015169460626826,0.19308977215782921,-0.15620839001770506,0.8424005202900943
-0.4301557760724519,0.11213577673573376,-1.0230291003332448,-0.02331022849435261
-0.07731809356456475,-0.0676566114234639,-0.6494169020789574,0.2977226145413168
0.8246337316858664,-0.21939962568766694,-0.015341529230481344,1.1499486098569496
-0.24031362813322169,-0.6904096167928929,-0.34546666360241746,0.8424005202900943
1.1073279013376984,0.8442274838719092,-0.590408584139336,0.7088322840687746
0.8842224366878473,1.2002895758706822,-0.9899660739390601,0.08329797707427788
0.28425010902014924,1.0436317395413133,-0.3686819594268343,-0.4620148397654417
-0.09677951104925424,-0.19837191005668917,-0.4410785070126009,0.5777180265953705
-1.2078623339608927,-2.0659331636939737,1.6932822014289985,-0.4264787712425648
-2.1484622944767926,1.0590604194219677,-0.29352786359805266,-1.8007296131592583
0.013653291713577452,-0.20643343763428695,-0.5943348185236454,0.7645860065099335
-0.911045782095234,-0.11707580779201504,-0.4511122171058361,0.19049845045162309
-1.6240323853843008,0.8890909010001791,-0.3427123298203019,-2.4654910016605416
-0.11981906826692316,1.2044896994825396,-0.5382654362635072,-0.5778150417253229
-0.6137361794789681,0.04484911903448165,-0.43281734250105386,-0.08703824471204513
0.2393824907148753,-0.9508003447457626,0.9571017741534811,0.27382816206653443
1.8058047253946048,1.4550575576980003,-1.3301249184042314,-1.4802890379323037
-1.4340669747574188,0.2459977808813911,-0.44285105259428914,-1.1182001903965373
0.8465392721771383,1.376559279710257,-1.0594213898018439,-0.8982556169522781
1.2966946074817005,0.9118697972015847,-0.763323620093923,0.1672199564979039
1.3734696529334252,-0.23867446714998636,0.004335563561057736,1.5322693257384075
-1.5576466236060895,0.36515935238554664,-0.4058640878592945,-1.2707683779214218
-0.5194930502914382,-0.34941716184989,-0.5315770615491836,0.5764926481898525
1.332652094365283,-0.06625092489207605,-0.43458759203924247,1.0268185014964162
-1.0665680760011131,-1.2977508782639733,1.0568648642109342,0.5973238915579627
-0.9914834902657564,-1.1361816070658999,1.2028243494802622,0.5464713036874791
0.7722294804784509,1.4957208512144127,-1.08320840045766,-1.3565287566232975
-0.029471040009191735,-0.19696283632884015,-0.14970599482684874,0.36450673265197675
-1.418289350737982,-1.73686702749077,2.521924300433253,-0.03250222488560346
-0.6595898992854569,-0.677097934700473,-0.34743437288157136,0.4839789950258887
1.2289001292731818,-0.7159829500747683,0.2227122608076487,0.8037988735893107
1.6692296674763532,0.2775495159172413,-0.6114403425956368,1.0549962347638226
0.2113842516625262,0.3087286593423621,-1.2785787418382975,-0.3431348452002443
0.602831329734049,-0.45420347157281654,0.8479249057476835,0.2529945496271892
0.0439794346670087,1.5072881271293272,-0.6423450881002012,-1.4754087511884952
1.204846296225692,-0.8309443979670659,0.25811725157142146,0.670846595889054
0.9991032615793729,0.8820794043255458,-0.6279718557927293,0.6806498126588985
1.223089173998166,1.4760920477219004,-1.1788386122158405,-1.4686332074567998
0.053896798336369095,0.34238045618414115,-1.4090169730503557,-1.5072490685849929
0.2692120611266234,0.3654980720316642,-1.3897302076537479,-1.2787284572705462
0.8310433914437628,1.520599809221747,-1.0460354561991985,-1.3099528161459808
-0.6135248720144221,-0.7251114445376363,0.7265330859240345,0.8007332954114038
0.8638312663591552,1.5170940608844303,-1.0912904735762388,-1.3779925420111152
-0.505986981515871,-1.4039225513395204,0.9628189224674755,1.0641882311550734
0.5465178904325316,-0.004214421705646021,0.3968212393820257,0.778066021836278
-2.1090182344282002,0.7541619299692515,-0.11745117574452185,-2.5635231693589846
-0.886780641583198,-2.1577600597564426,1.855979843810382,-0.09376640701904314
-1.673619203731103,-1.6489015353940415,2.3946546092506376,-0.3241348938966795
1.3681517484090164,1.5640575398186294,-1.261656901246274,-1.4404886411866813
0.19536010226778547,1.2255241895064397,-0.46606405237520626,-0.2365266396316138
-1.4748845333255607,0.005235856421033711,-0.33169522429618964,-0.6139670687692631
0.5732130667868469,-0.15736989689415928,0.7214129089199349,1.1597565647692636
-1.6222714898464174,0.15278213426984028,-0.1668321832903365,0.23399933646609405
1.5368103230275072,0.20254005028450897,-0.16604464036997502,0.9575847637289125
1.0903176504417431,-0.09568566213969149,-0.027143192818405642,1.3595166512925285
-0.33913508571924894,-0.01683172852352491,-0.8394604225405317,0.2523833292485957
-0.33664517942868155,-0.16578030570725813,-0.6974271716555132,0.30568743203291093
-0.29132325007463367,0.19833992667265124,-1.1229529134356697,-0.7438395538642036
0.9597648552630534,-0.8954196826055425,0.3134059790416971,0.47907501756973164
1.6685253092611998,-0.26180393818512354,-0.282313987146025,1.1340284511587007
-0.9549977347208086,0.20640145425024903,-0.8739010750344741,-0.6905354510798885
-0.7491490463422165,0.2396975954636046,-0.8447872434595948,-0.4779349984636905
-0.29842318088338027,-0.49451110946080545,1.5250740546485835,0.8099252918026547
-1.0599823266894284,0.20955154695914233,-0.5146575170006594,-0.8633355069504643
-0.8519149099331029,-0.28213050414863794,-0.03717690291164083,0.39942684265379036
-1.8674938024520866,0.8133870600929058,-0.3793057526994657,-2.5414434254501033
0.7687429073134413,-1.1326758587285832,1.1355502749420947,0.5764926481898525
-0.8141613096008786,-0.2646085368549769,-0.14597722018350456,1.2473648190343294
0.11064341794020577,0.6952755194917147,-0.049391854329492446,0.408002880523978
0.5260562842823243,-1.1835007416285224,1.6539509762809161,-0.10234244488923076
-0.23951418155902254,1.0432760839128898,0.10919587018761447,-1.265840709752916
1.2145312216840516,0.18641699512931337,-0.11037017759176729,0.8620022156873133
-0.7982075960276532,1.6951251068838167,0.14616217053111263,-1.9232579774261378
-2.0967271835737726,1.2248128782495928,-0.41255246257361816,-2.256586300170723
-1.7431393595667473,-2.567780191381742,3.6505904035297387,-0.9503278026944668
1.1956192036071818,-0.18435399750211418,-0.0702399293058256,1.3809330552556491
0.923736932557955,-0.7548849014313692,0.18866193570863765,0.7217010790165257
1.559138478447871,-0.8859524684965568,0.4617303891156091,1.0917642203288258
0.46431928672412554,0.8543890732554359,-0.616170192204805,-0.1716140877964921
0.14773844334126157,-0.20538171313309198,1.0562678929010392,0.3700171923442575
1.3037381896332347,-0.9013811483772114,0.5128862382866116,1.0905323032866994
1.304125586651569,-0.39252262401481,-0.2697247806377393,0.7069938847905244
-0.978241555820872,0.035737560553919474,-0.4310470929628652,-0.21937456389123858
-0.1218863596283985,0.7457447467632303,-0.6793343488786954,-0.5974309515499512
-1.9347247940884822,0.9535661856386556,-0.3543202073368603,-2.9801480367211926
0.06743808502269395,0.560363484443093,-0.07850568590437178,0.37553239017900797
-0.4117262433729622,1.1603375936111164,0.18650365481901718,-1.6028174021991828
-1.5040801813436708,-1.6884978620251831,2.013166981792735,0.8834470485052519
-0.7116419713852957,-1.990584978415124,1.5382533443362656,0.06306610872858669
1.1977322782526423,0.31049000150217343,-0.1619140581142015,0.7419187329348078
1.2788743446383184,-0.819732777680575,0.22034733600306464,0.9324631323544734
-0.7555939240108704,-1.4708704893946551,1.3157667292253974,1.206332505246581
-0.20472592931259426,-0.5845766633634631,1.5201605215594476,0.561788296849333
0.7385259398833589,1.252503209319703,-1.1481405106262395,-0.06742233488741717
0.29319545835259797,0.40861708298242877,-1.4361562072155822,-0.7996074907327718
-2.5055719095595856,0.8333545832315358,-0.16604464036997502,-3.020564391987878
-0.16180075487515969,-0.21063864204083643,-0.4707870138538756,0.9343015316327237
0.019728381319275845,-0.8698463493236672,0.38580023058396407,0.10841013216377755
0.5750091802354883,0.10231290699832472,0.12138786117047007,0.555661404821742
0.7376807100251745,0.12685314535954148,0.10150412446396731,0.7658131854095902
-0.5193521786484074,0.19063405472347694,-0.5913729224091665,-0.19179857471748613
-1.1234097839639954,0.3469362354244222,-0.43655530131839637,-1.1482400136545423
1.398263062106826,1.3572861318461684,-1.3979959642522939,-1.2009281579177944
1.498387582390887,1.3790149971446093,-1.2301781448668105,-1.2530003436599833
-0.7740481092478904,0.024509004285122555,1.4585806349002788,1.018237725483759
0.3609547186503586,0.2971613834274477,0.43596878105014014,0.8068644517672174
0.8936256188601456,0.6672464687754871,-0.8357178716361899,0.25973218821912664
0.20303760681295796,-1.4911936681617082,1.5795821273289965,-0.04046230423472784
1.6947274348649077,-0.2936960864653218,-0.29569303261817187,1.1168763754183253
0.7057028470572085,-0.0813239491443072,0.06963504068957257,0.7713283832443406
-0.2570984844003281,-0.4265165276991677,-0.42002838020830324,0.9974088511868832
1.2230187381766506,1.4038939551519438,-1.2014546406868625,-1.328336808928482
1.1251129462703229,0.6458732591054696,-0.7174945918419836,0.46253416220794996
0.07688705047897729,0.5042884470283319,-1.5205587662607372,-2.317234523783099
-0.4672965847574927,0.010502946918161697,-0.8683905706354433,0.05875439908114435
-0.37796987591173375,-0.9949524506171857,0.10053978619413692,0.860163816409063
0.2963298524100307,-0.3434607768729128,1.1668223874065946,0.2180697014829058
-0.379614552344117,-0.3325960055040462,-0.39661792068642077,0.8129908699805615
-0.030679014348179896,-0.4566558018107077,-0.14322426402748878,0.9281751134193797
-0.8776239847862034,0.33431892860654333,-0.4692119280131526,0.018338043814459
-0.5508017729550084,-1.5451686437705403,1.0572551916058655,0.749883550426402
-0.18841052779588763,0.3164345312915365,-1.366310563957867,-1.4398726826656183
-0.7448172433190228,-1.7564788950009764,1.7686383490857442,1.1616044403324532
1.858385066155809,-0.3921737427793089,-0.23627831497912202,1.2271803321133352
0.5738822070912427,1.089545187572548,-0.3183173268457926,-0.9754399577839664
0.6442475927850712,1.213601257963102,-1.0678708298803579,-0.04046230423472784
-0.2506078234476892,-0.34731540644573067,0.8030602157655744,0.6481745841714587
-0.10213967706657189,1.0156026888250858,-0.2618539435211237,-1.2198807277966621
0.9881152734229792,0.26176518040816327,-0.27602053191363196,0.5434076207665601
-0.8364542471104849,-1.3604817567249443,0.9635995772573381,0.8050260524889674
1.3073656344412747,1.4207113855816802,-1.2087330985805824,-1.464984837755118
-0.6047556122357618,1.5255112440904515,0.11980359115574873,-1.4735608756253054
-0.025836551619,-0.34135732787052286,-0.3309083701888781,0.7413027744137446
-1.0996729121133244,-0.5891324426037442,-0.010221352226381906,0.6530785616276157
-1.5796225999188767,-1.7235384094160444,2.559120205126711,-0.14034234749636043
-0.9257668687919409,0.19447852270691118,-0.8776436259388158,-0.5735033320778807
1.5401912424602437,1.3786593415161859,-1.3163486574066545,-1.4754087511884952
-1.5613092863248874,0.30627294190800985,-0.4613433869400366,-1.3264889333652925
1.8375008450765096,1.0029853820072068,-0.9400041673878476,0.1365831272887143
-0.4150155962377288,-1.0699449802676122,0.1871006261289122,0.8111524707023113
-0.8096886349346544,-1.4614032752856692,0.8378911956544484,0.31426346990309856
-0.5614023640930677,-0.0045700773340694514,-0.635250313686449,-0.07907816536292075
1.3887894441130124,1.5300670233307325,-1.374576320556413,-1.5225532687621786
0.6293151986238182,0.28840548057530885,-0.24257406625501468,0.7094435044473681
-0.5808778687420602,-0.5291960012232431,0.19614703751732113,0.941039170224661
0.08530413115006087,-1.248331681895422,1.590603136127058,-0.7854878261730155
-0.5447442923046889,-0.3700943026471361,-0.02932443414302196,0.7707124247232774
0.5469405053616239,-0.35993101966537894,0.8636528037199173,1.085036058021828
1.5246249259053526,-0.02806028479232183,-0.3354331831135322,1.2822849290361429
1.4765876956318882,0.9767007374684845,-0.8801922342233676,-0.011701779443546187
-0.4848315825237374,-0.6578078508540782,-0.36848449968586905,0.6065144665064727
-0.7894383362489931,-0.17243953394992925,1.3135854879007811,0.5881337904236998
0.37757757252797974,1.2370745294390482,-0.845177570854526,0.22665047749556316
0.5185196513801825,1.0657162604681778,-0.3289408905140741,-0.4950870742040657
1.5431143290531304,1.0566047019876155,-1.0011707662170894,-0.12257431323492196
-0.6044386510389427,1.4109054518265771,0.17667658864074567,-2.0800904931737674
1.198295764824765,-0.7639964599119315,0.11824228157602332,0.6255073105963329
1.172762779525453,1.035214556335292,-0.9085254110083842,-0.31191048632480994
-0.4785768815731749,0.026270346444933795,-0.8666226171407543,-0.028853855183921417
1.64038619856582,1.1319528872664655,-1.1023114823743003,-0.1581103817577989
1.608936604259219,1.0720164458859645,-0.9264115898702382,0.08509847121277032
-0.796305828846739,-1.4635033370915982,1.2091155086691556,1.0010856497433835
0.3981448324104601,0.4797482086671151,-0.007672743941830193,0.6138666421767325
-1.7134506607980298,-2.508199405629664,3.2711003339164852,-0.22122243945442818
0.43015791328918385,1.1645377172229743,-0.6138052674002209,-0.08154199944717348
1.1655783257308876,0.9034526139955635,-0.7096191626383688,0.1261686901402765
-0.9683101049872086,-1.2399144986894008,1.009038278114346,0.9931208322517895
-0.309893654417154,-0.2621545130188552,-0.4007485029421943,0.40432608196747766
-1.5780377939347814,-1.7249440959474323,2.5360908888257616,-0.10603819601560996
0.2468486877955018,0.32800180720645095,-1.4579915808967419,-1.3632569189302959
1.5259984244249019,0.8659563491703501,-0.7820134141806356,0.4092300594236347
-1.1631003693878916,-1.4400300656156517,2.083816240275309,0.37553239017900797
0.9761059658546133,1.316639774312062,-1.059995400676743,-0.6543834240359485
0.05065322875558753,0.35254204556766777,-1.4192343666235585,-1.5501292579359307
-1.1356303989969074,-2.0971292431014006,1.7483642849843102,-0.3510949245493688
-0.6783962636300537,-0.5831709768320753,0.23568490658036706,0.8111524707023113
1.1925200274605068,1.3415187323193962,-1.276604144428645,-1.5372888918429979
0.09921872769041705,0.2985670699588355,-1.3348318075784036,-1.3871845384023662
-0.3219276145230505,-0.5488248047157552,1.303368094327578,0.3841084280491956
0.019728381319275845,-0.8698463493236672,0.38580023058396407,0.10841013216377755
-1.5958580567781633,0.10546299970721792,-0.1408639313099039,0.05202623677414623
1.6041821863069334,1.1389474479587929,-0.9980251866226426,-0.03188626636454023
1.0795409697498954,-0.1959195798187981,0.1243267968499532,1.4930848875138485
0.587581974375977,-0.6627192857227828,0.2636277559704523,0.5458581880518977
1.2264700934309025,0.8431774529689449,-0.6781404062589053,0.31058667134659823
-0.7732733152112217,-1.8893078042259752,1.4487535687220072,-0.2383745151948034
-0.4725616624157646,0.23443050496647666,-1.1680012868977465,-0.9858638712173438
0.4747085703976387,0.971094927325239,-0.5482991463567425,-0.593735200423572
1.0577410829908966,0.846327545677838,-0.5662082856535925,0.22848887677381333
0.10034570083466254,0.9150198899104779,-0.05942556442272764,0.3197786677378491
-1.1191484167623171,1.6225882946677426,0.1607190863185523,-1.3026086953179195
-0.8601911189611557,0.22987472572619558,-0.635250313686449,-0.6482712202500136
0.9786064375184078,0.737344499539515,-0.2954955728772066,-0.1103499056630524
-0.6210615049165639,1.4217783524669505,-1.0015840540470167,-2.2032821973864074
-1.146301425956482,-0.01683172852352491,1.2321448249701052,0.3859468273274458
0.50570033186439,-0.15211296798641483,0.6468603764880476,0.9606456037643497
-0.5031202435801965,1.2766877920524962,0.07376791898884567,-1.7290415175924414
-1.0753373357797733,-0.3834110655342478,-0.10899255149200959,0.7786772422148716
-0.7870435183174713,-2.1405869736982828,2.0226266810110722,0.09921813577252675
-0.8669881757373865,-1.4361686616499116,0.7843704216788618,0.3761436105576015
0.8014251284965607,0.9363930995804957,-0.30710345039376497,-0.623775023681577
0.6921087335047472,1.2717763571837917,-1.0692484559801156,-0.11399827536473435
1.0986290773805538,-0.9602506228724422,0.4660699113298458,0.5158382649922653
0.10406119041959691,-0.2677620167603313,-0.7025473486596125,0.972287219812444
-0.37543066454610563,-0.02524891172954614,-0.8172347214644409,0.21010488399131166
1.446476381934079,0.9038082696239867,-1.0765269138738354,-0.1329982266682992
1.169100116806655,1.3853321185447018,-1.2160115564743021,-1.1953845312282256
-0.8989660387053525,-0.3991818522574811,0.06768340371491585,1.4011649236013404
-0.04729130285257371,-1.0717063224274233,0.726142758529103,0.10656225660058795
-0.408855983646212,-0.6164671180454309,-0.4027162122213482,0.5164494853708587
-0.7922205511988492,-1.6916479547340766,1.303368094327578,0.0011859680740837675
1.4056940412766947,0.10581865533564136,-0.08677144250291792,1.034167360466947
1.3639960349396112,-0.9241600445786169,0.5233102757747782,0.9300135126976299
1.0562267128283167,-1.0706562915244588,0.4898569219856621,0.6481745841714587
-0.4522021882067545,-0.20678401246801864,-0.43576775839803494,0.3252938655725996
-0.7249895595624536,-1.4302071958782427,0.7713977759061436,0.12800708941852668
-1.428713852322253,-0.27827587457582015,-0.1599463488350476,0.41719487691522883
0.9306396430664589,1.2987553769970548,-1.3002074716044933,-1.321608646621484
1.2184404097781532,-0.8670349762608914,0.47038647310908666,0.9716759994338506
0.06095094586113076,0.5638692327804098,-1.5211557375706322,-2.3251946031322235
1.1665292093213449,0.898541179126859,-0.6724462183799068,0.7652019650309967
1.025587130469142,-1.0107198501439578,0.6791197876573737,1.0819562654165118
0.38109936360374697,1.1305472007350776,-0.2274270672881788,-0.45708717159693607
0.02291560224284515,-0.15386584215507318,0.6004343769262133,0.07837030890577232
0.02968448469046969,1.4400014694280752,-0.6779567227789376,-1.397561070411046
-1.3979686162308054,-2.445468527168693,3.157377299381487,0.21868566000396897
-1.1879994322935656,-2.022831088725515,1.6086959589038756,-0.37009487585293355
0.7369059159885056,0.2519592466530601,0.14301659093666588,0.7020946454768371
-1.4726658049478274,-1.758240237160788,2.5150361699344645,0.1224918915837762
-0.22414156351329878,-0.517290005662211,-0.0062951178420724944,0.9226599155846292
-0.9434110420815344,1.70879244460466,-0.30552974217914175,-3.1137162729425127
1.1147940984183249,-0.17944764342810143,0.05016459181299712,0.9428775695029112
-0.4163327461000657,-1.2851335714460943,0.555776330859068,1.0599239029323282
-1.5209495605965953,0.2792939220947467,-0.4117649196532567,-1.2542322607021097
1.643520592623253,1.151226035130554,-0.9874174656545084,-0.13972638897529718
1.249079992137328,1.487659323636815,-1.2738488922291296,-1.8246098512066318
0.16419225124724585,-0.9602506228724422,0.7424676278112319,0.4349629111766672
0.36775177542658927,0.014703070530019357,-1.0257843525327601,0.5170607057494522
0.9018313920666831,-0.882463656141546,0.27030924255427713,0.3154906488027553
0.6073744402217887,0.14612629322363027,-0.01869375273989173,0.4882670139609825
-0.4862402989540443,1.3744592179043285,-0.0525374339239392,-1.9012256149419542
0.1686120990473337,0.674613621078544,0.10722127277796178,0.42087167547172916
-0.9444675794042646,-0.5295516568516665,0.364929195172635,0.7474339307695582
0.13128111364420153,-0.12967617862758804,-0.8908229156264978,0.5452455462305632
0.45139431347606,0.4962269194507342,0.15580555322941655,0.8718054324571576
0.9655405926273116,1.1543761278394475,-0.9901727178540238,0.20459442429903088
0.9744155061382449,1.0103355983279578,-1.1351678648535213,-0.0006619074891058358
-2.64330915853284,1.2409359334047885,-0.26401911254124283,-1.6438970974116287
-0.8048637811608533,-1.482776484955687,0.9319371373979071,0.6022254999428849
0.6724571393019663,1.456463244229388,-1.0143730163397673,-0.9417517648242791
-0.9665844273600825,-0.46226330555218376,0.3006170167489465,0.596098607915294
1.6986718408697672,0.23443050496647666,-0.6386025371958595,1.127916247372766
-0.6844537442803732,-2.099584960535753,1.953561692543219,0.33693074347822427
-1.42406508810224,-2.5071493747266995,2.702140754716556,-0.6415430579430155
1.4103780234074652,0.07077810794478046,-0.10367950683394409,0.9686104212559439
-0.45596346107567387,-0.3105174121709887,-0.3112349510669383,0.4655950022433871
1.469191934372777,-0.8267273383729026,0.29115731753061025,1.1493326513358864
0.5784253175789824,0.9707392716968156,-0.4332099659394848,-0.2996386973282431
0.3582077216112602,0.976345081840061,-0.9636074945636962,0.08509847121277032
-0.20768775560731448,1.4308899109475128,-1.1758767161013615,-2.323962686090097
-0.8246914649174227,-1.432662913312595,0.789697242597925,0.5648515059560049
0.5520471024214862,-0.0035200464311050364,-1.01515367112963,0.5764926481898525
0.14975995141875192,0.5880368795308972,0.14597848705114497,0.4833630365048256
-0.2917951700787864,0.17274965740847004,-1.1607228290040266,-0.8749439560012706
0.4894648750051032,0.7236771618186717,-0.08991702209736467,-0.3915586612407511
-0.609333940634259,0.16013235059059114,-0.880582561618299,-0.3186386486318079
-0.9310495554055915,0.25510933936195335,-0.6049654999267757,-0.6862711228571433
-0.02851663462765883,0.8365216119227348,0.09266435699052208,0.2848538195935657
0.4617835971495732,-1.406733924402296,1.5477130435546018,0.14945192223646547
0.10838594986063904,1.2216627855406996,-0.6055395108016747,-0.13546206075255202
-0.4403548830278736,1.3029724365912185,-1.193005200608349,-2.9801480367211926
0.8108635285796166,-0.2050311382993603,0.6291578811061612,0.44047810901141776
1.745159483069894,1.4010995180714738,-1.2612665738513424,-1.1776164969667873
-0.7133676490124218,-0.6918153033242807,0.6543454782967312,0.7076051051691179
-0.14591025745174435,0.7233215061902482,0.0857762264917336,0.23338811608750057
-1.0859379269178324,-1.478220705715406,1.1038648746476676,0.2799545802798784
-1.2197659877969855,-1.8679345945559576,1.8752666092069896,0.22910009715240676
-0.14727354277717383,0.823192993848009,-0.07770207067951311,0.13290632873221397
0.67935984981047,1.3422131075939372,-1.0206641755286607,-0.7622235466467053
0.3466914647935015,-1.1435487593689566,1.5919807622268158,-0.42401493715831207
-0.2385738633417927,-0.43282518110810714,-0.30139824150596844,1.141988530507825
-0.05728966771667675,-0.28773800789011406,-0.7263343593154288,0.8068644517672174
0.003591534610110604,0.2519592466530601,-1.3582514512742845,-1.3406085979250488
-0.20951908696671342,-0.6182115242229362,1.589409193507268,0.7419187329348078
-0.7596792016587602,0.15452654044734568,-0.824903506753092,-0.33825455845643587
-1.0760416939949267,-0.49589986000988745,0.5707235740414389,0.9434935280239745
1.353395443801552,1.072727757142811,-0.9624135519439061,-0.10419032045242037
0.19370486046217492,1.1147798012083054,-0.7074608817487483,-0.41117457106537925
0.5413760754619117,-0.0014199846251762072,0.284682474861749,0.7995108546542169
-1.1093226196609265,-0.333647221925772,-0.181981478300672,0.6040634254068881
1.0813723011092944,1.268270608846475,-1.1573935659296122,-0.01535014914522823
-0.04501974760870387,0.8407217355345925,-0.1634868479114249,0.31119789172519174
-0.8862171550110753,0.33291324207515544,-0.5061988927481472,-4.594896804259968e-05
-1.518519524754316,-2.485776165056682,3.2771848491904145,-0.03188626636454023
-1.2219142803532035,-2.3897491453823556,2.4214035160209333,-0.44851113372674845
-0.07914942492396368,0.036431935828460424,-1.0932421105508954,0.25973218821912664
0.5460248396819243,0.7229658505618249,-0.23647577472008727,0.844850139946938
-1.3533475233008352,-2.6497842177068014,3.7926466148497524,-0.3878629101143721
-0.863395948840104,-0.1479077635798654,-0.3891420030517357,0.2431913328573449
0.22592924880544465,0.943404596255129,-0.22919731682636746,-0.8621035899083378
0.3143966406287164,0.22708028864572574,0.6744128984832015,0.9477815469590682
1.2374228636765385,1.5714077561393802,-1.2252646117776747,-1.4833688305376196
1.2419307562535205,-0.7755637358268459,0.2262481677970268,0.9839288358605386
-1.4281151478393725,-1.3720320966575528,2.027333570185244,0.028145998726772984
1.3320533898824027,-0.11426443472923935,-0.17057014210767907,1.0237529233185092
-0.12052342648207659,-0.27932759907701515,-0.4322272593216577,1.03478331898801
0.41688076093354154,-0.23552098724463194,0.7658872715071128,1.1554922365465183
-0.18507257421427548,0.7324330646708105,-0.07122722801065194,0.03918587068121344
-1.5439116384105973,0.3725095687062976,-0.37792812659970804,-0.42709472976362806
-0.38977139780662956,0.10195725136990129,-0.9997931401173316,0.0881782638180863
0.16325193303001603,1.2801935403898133,-0.4757051390300106,-0.21752668832804897
0.41526073703868865,0.19342849180394672,-0.27110011069399736,0.5054190897013577
-0.9784176453746602,0.30383416045596345,-0.48357368010312657,-0.015966107666291467
0.24487648479307214,1.195733796630401,-0.8013001795772435,0.04098636481970588
-0.2061804290268861,1.1743436509780776,-0.10643475903345949,-1.4276008936690514
-0.5256914025847883,-1.3990280524531218,0.9451164270855891,0.9539079651724123
0.5708182488553252,0.8049698768868847,-0.21247523201880864,-0.47367067024094534
1.77516514303543,1.4385957828966873,-1.3368064049880564,-1.3301846844916716
0.026722658395749475,0.34238045618414115,-1.4294747206317575,-1.4821369134954931
0.4350532028845003,0.1755610304712458,0.3433004654064391,0.6273457098745832
0.16419225124724585,-0.9602506228724422,0.7424676278112319,0.4349629111766672
0.7112320590461629,0.8032254707093792,-0.5056088095687509,0.14454794478030844
0.4940784213143583,0.9998183533160075,-0.378320750038139,-0.8290313554697138
0.7737790685517882,0.21937441669655136,0.12689836556950085,0.6634929987760534
-0.6995270100846567,-1.4144397963514705,0.9982239132312483,0.9888280751742258
-0.07576498370015142,0.9773951127430257,-0.09659850868118951,0.1610935382845599
-0.568128985047783,-0.09778572394562032,1.4446206904227339,0.8718054324571576
-1.0125085829880867,-1.864428846218641,1.8219524791463673,0.2658633445749403
1.3302220585230038,-0.7380674710016327,0.045641386118792725,0.9140838777144416
1.012943900507138,-1.0986853422406864,0.5907909942279094,0.46253416220794996
1.1599082420989026,-1.235714375077543,0.5547890321542416,-0.018429941750544198
-0.1636812856558871,-0.2936960864653218,-0.3686819594268343,0.5789434050008888
-0.0960293695501158,1.2290299378437564,-1.1788386122158405,-2.1836662875617794
-1.3202779050993811,0.36656503891693454,-0.4277017575839536,-0.28859882537380266
1.270668571431781,0.9767007374684845,-0.8016905069721748,0.02080187789871184
0.45294390154939757,-0.3469648316119989,0.8664080559194326,1.187332553943016
0.15018256634784402,0.06622232870449929,-1.0363920735008947,0.5188991050277024
-0.9817633468966391,1.63344425932581,0.09502928179510613,-1.9716817934666446
-0.6561033261204473,-0.6417017316811886,0.25398437327214846,0.8589413756518761
-0.9970127022547112,-0.3911220182781139,0.06492815151540045,0.3712443712439142
0.6307943508756405,1.0545046401816867,-0.3806810827557238,-0.97420804074184
1.388895097845285,-0.32909144268549095,0.14519783226128224,1.1113801301534538
0.9648714523229158,0.658134910294925,-0.4965578060933429,0.2848538195935657
0.5210201230439773,0.7660679255302835,-0.3023818665411954,0.8503653377816884
-0.43682957016103074,-0.2950966922020179,-0.33071159926096266,0.4073916601453845
-0.5349537131140562,-0.18260281693168648,-0.7131550696277469,0.35347633698247577
-1.8731991039948295,-1.317024026128062,2.1979066417702424,0.1855992111379358
-1.317601343881798,-0.011937229637126267,-0.28211882344855943,-0.5588150904217583
1.2206239202451288,-0.07817385643541395,0.09147041437073211,1.0004696912223203
0.01971781594604855,-0.8698463493236672,0.38580023058396407,0.10840065587883811
-0.4336810889392949,0.2687766770827966,-1.1135161746523297,-1.0489759289139728
0.23931205489335997,-0.17594358868901536,0.9289752412834279,0.30507147351184777
-1.5317262412884431,-2.4927876617313154,2.6143859721619904,-0.9104800245241476
0.30936047939036937,-1.0661005122841778,1.5339367825570247,-0.24695055306499103
0.8302333794963364,0.920981355682147,-0.5115096413627132,-0.3149428975054287
-1.4840059722117975,-2.5965205533548166,3.7159128410932487,-0.7407597612588877
-0.33039047847811903,-1.0538219251124166,0.13337320823836205,0.9312359534548168
0.15220407442533437,0.9998183533160075,-0.9543544392603236,-0.34190292815811796
-0.8484987725896087,1.583330687682718,0.11449973067168158,-1.0550881326999078
1.2530596160529448,-0.7745137049238815,0.24946116757794393,0.7486563715267452
-0.4795171997904048,-1.0769564769422455,0.1817738052098491,0.8154404896374052
-1.4864712259648345,-1.7214383476101156,2.042097129887647,0.7553987482611524
0.10128601905189237,0.00733591822696254,-1.0375860161206845,0.4778525768125448
-0.63564171997024,-0.6417017316811886,-0.3592383325129953,0.5182878846491089
-0.8831179788644002,-0.10935299986053479,-0.28093865708976695,0.05813844056008111
0.3931791069936284,-1.1144527417674588,1.4945825969739464,-0.15872634027886204
0.8320647108557351,1.274926449892685,-1.082037418272866,0.07713839186364595
1.269435944555262,-0.8144656871834471,0.18138347781491773,0.8123749114594983
0.8911955830178663,0.9024025830925992,-0.6026005751221917,0.7272115387088065
-0.18013607966337264,-0.41214804031086105,1.449327579596906,0.7897076378843726
-1.2265630445732163,-0.016137353248983927,-0.15424068073855116,0.3602139755744132
-0.029471040009191735,-0.19696283632884015,-0.14970599482684874,0.36450673265197675
1.1132092924342296,-0.06975667322939273,-0.01357357573579229,1.4887731778664062
-0.8794200982348446,-0.5558363013903886,-0.05763465049304268,0.7480451511481517
-0.10561920664942986,-0.8859524684965568,-0.007879387856793825,1.2179883357220842
-1.183033706876734,-2.352964191813989,2.41215046071756,-0.7303832292502076
-0.4360301235868316,-0.6350289546526727,0.2280161212917158,1.1113801301534538
-1.7667353597743873,-2.4486355558598922,3.221919082155135,-0.1348461022314888
-0.6764240606276241,1.2276242513123685,0.07652317118836106,-1.8528017989014474
-1.024588326377968,-0.04137196688474171,-0.5268563961140139,-0.12627006436130117
-1.346691338167635,-0.37254832648325786,0.16604590723761545,0.860163816409063
1.445912895361956,-1.0717063224274233,0.40586765077043446,0.5771053373926114
1.1281064686847249,0.41141152006289855,-0.19516076798835394,0.7351763562004006
-2.0302005501525304,0.9346486934029901,-0.3167433890268195,-2.9305396850632563
-0.23584799704914888,1.2444416817421053,-1.1741087626066724,-2.651747382145113
0.36852656946325807,-0.3105174121709887,1.1076074255520094,0.4312861126201669
-0.7172768371065232,-0.13704333093064483,-0.4871141791795039,0.17763439364634168
1.0567901994004394,1.4929094781516368,-1.1058473893636782,-1.3718329568004834
0.632555246413524,-0.3227832973560207,0.7637289906174923,0.4435389490468548
-0.6522997917586187,-1.1431931037405332,1.1636768078121478,0.7370147554786508
-0.6443053260166273,-0.28598513372145573,-0.1156809262063332,1.3239805827696516
0.6991170977455239,-1.387105120909784,1.5048229509821454,0.6726849951673043
0.7196139218064891,-0.12092027577544927,0.5776117045402275,0.6346993069875837
0.9890309391026788,-0.015087322346019512,0.16230335633327364,0.8656790142438135
1.1553299137004054,-0.18260281693168648,-0.1034843431364784,1.0525324006795698
0.350178037958511,-0.3315446197224973,0.635839367689986,0.8552645770953758
-0.995392678359858,-0.3350486744615834,0.12040056246564372,1.1132280057166435
-0.13993941286188868,0.10476862443267698,-0.9986221579325376,0.2805658006584719
0.1892674037067082,1.0012240398473955,-0.3883544601313742,-0.6856551643360801
0.13814508445087173,-0.3157742055908747,1.192790639387027,0.3234554662943494
1.1621974062981513,0.15383216517280465,-0.17175030846647146,0.7370147554786508
-1.0154316695809735,-0.35852872033045224,-0.16250414129359775,0.7731667825225909
1.6602138823223893,1.076927880754669,-1.0700291107699782,-0.16853429519117602
0.6822829364033567,1.2679149532180516,-1.0942294092557217,-1.013439860391096
0.7834639940101479,0.702287016166348,-0.43065217348093465,0.24686813141384523
-1.0957637240192228,1.399693831540086,-0.6291657984125192,-2.0170258169018354
1.3752305484713085,1.3208398979239193,-1.232933397066326,-0.9233677720417777
-0.35695534856263095,0.16819387816818895,-0.7021340608296852,-0.5771990832042599
1.3020125120061086,1.5829750320542946,-1.153260687630339,-1.3589925907075506
-0.6307112124641658,1.291405160676304,0.23685588876516103,-1.9214101018629484
-1.7951562137558286,-2.47666460657612,3.5146416679186494,-0.9490958856523404
-0.45018068012926415,-1.2889780394295285,0.6848369359713681,0.7272115387088065
1.2793673953889255,1.4084497343922249,-1.226435593962469,-1.406753066802297
-0.6156379466598824,0.23688622240082893,-0.7292962554299078,-0.9699437125190951
1.494548830118301,1.0877838454127364,-0.9114643466878674,-0.13115035110510959
-0.5988390032284729,-0.6034941555991286,0.25458134458204335,0.8197285085724989
0.7933250090222962,-1.0285873114766586,0.6388012638044651,0.6555281812844593
-2.3303980214509257,1.0257642782086123,-0.181981478300672,-0.9717442066575874
1.3168744703458464,-0.27862644940955184,-0.10289425995708218,1.036005759745197
-1.4925991424366696,0.10896874804453464,-0.1322078473164264,0.42822053444226005
-1.1137248585056356,1.7487444268642254,-0.1682098093900942,-3.4751891619572155
-0.4574214825810415,-0.18084994276302813,-0.7003661073349962,0.4839789950258887
-0.6210615049165639,1.4217783524669505,-1.0015840540470167,-2.2032821973864074
0.14406873704031217,1.256703332931561,-0.5036411002895971,-0.4662791679881869
0.03734790207133909,0.9749393953086735,0.038156284310109194,-0.9521756782576564
-0.4615595870950679,0.21341295092488238,-1.0149470272146663,-0.8173755249942103
-0.5616488894683713,0.005235856421033711,1.4062538035444823,1.059307944411265
-1.646254887072392,-2.4297011276419207,3.113706552019168,-0.08277391648929995
-0.15441960904901303,0.25861508769927,-1.3413296106822605,-1.4459848864515532
0.6338935270223155,-1.0769564769422455,0.5158251739660947,0.2848538195935657
-1.0303288458314688,0.15102079211002897,-0.4672442187339987,-0.7787596638660174
1.1293390955612435,0.18992274346663007,-0.1280749690171533,0.7204739001168691
1.6441897329276487,-0.322432722522289,-0.2486746538334417,1.1034200508043295
0.24670781615247103,0.34553054889303436,-1.369272460072346,-1.2572646718827285
-1.947931510622609,-1.1957623928179777,2.0704303066726637,0.16415437831999705
-1.1411948288966198,-1.281966542754895,1.0352131740097426,0.7535603489829021
1.445490280432864,0.223574540308409,-0.806994367456242,0.7155699226607121
1.8731765886740313,0.6276501421443451,-0.8766563272339896,0.5483092291514823
-1.1894081487238723,-1.921198258907943,1.9189373565693089,0.2897577970497227
1.175861955672128,-0.9725292100442036,0.6049575826204177,1.0268185014964162
0.09761983454201875,-0.024198880826581726,-1.0574467923921913,0.506035048222421
-1.0683641894497542,-1.4764762995379004,1.7428537805852795,1.586805345564849
1.2649280519782804,-0.24918832496547524,0.010810406229918912,0.8846742274049086
1.221187406817252,-0.0031643908026816065,-0.3289408905140741,1.1585246477271371
0.3713792202346295,0.6472620096545516,-0.3017917833617992,0.5624009386706673
0.39356650401196275,-0.16998551011380758,-0.85482095355283,0.9655495812205067
-0.8467730949624828,-1.7880306300368265,1.7784654152640158,1.0206873451406022
-0.4128074332332227,-1.258848926907372,0.6059448813252442,1.0029240490216336
0.7573675221387132,1.0390759603010322,-1.179022295695808,-0.04415805536110705
0.4662914897265552,0.4923655154849941,-1.5028562708788507,-0.9582878820435913
1.6220024491503153,-0.28107877964744293,-0.27700323853145914,1.1481481157184572
-0.8460687367473294,-0.051177900639844905,-0.3130054302094769,0.04345019890395861
-1.2678736538919655,-0.2456842702263891,0.2785749991528233,0.5446329044092288
0.12329016969328574,1.2335857170840374,-0.8170280775494771,-1.4061371082812337
0.8782001739482853,-1.0951795939033697,1.0326645657251907,0.8460725807041249
0.3087969928182466,0.38267115808982416,-1.4031161412563935,-0.656231299599138
-0.07186283918820138,0.5312674668415951,-1.4806305698027598,-2.450802760004419
0.6809094378838075,-0.2772241500746252,0.7894905986829611,1.255940856904517
-0.9727827796534327,-1.2024182338641876,0.9691100816563689,1.0096616876135711
-0.7223834341663856,-1.4361686616499116,1.0086479507194148,0.7247619190519629
1.3841406798929996,-0.2565470092773791,0.14519783226128224,1.1438364060710147
1.444292871467103,-0.9315271968816737,0.3350347088078929,0.7063826644119309
-1.6726331022298881,1.12634707712322,0.397211566776957,0.1408711462238081
-0.660012514214549,-1.5209840610377472,0.9726459886457471,0.7235394782947759
-0.4082467137901042,1.1421144766499922,0.09934584357434695,-1.4760247097095582
-0.3367860510717122,0.201151299735427,-0.7450241534021416,-0.767719791911577
-0.2611344569731573,1.0695607284516122,-1.0430965205197154,-0.6225431066394508
1.0575297755263504,-0.12898180335304707,0.07652317118836106,1.2094122978518969
-0.9618652273185546,0.2411032819949925,-0.8416187034301521,-0.5925032833814454
0.4504434298856028,0.3066285975364333,-1.244941704569214,-0.24022239075799293
0.3744783963813046,-1.2634047061476532,1.6639846863741512,-0.24083834927905615
1.2639419504770653,0.6448232282025051,-0.7757222549917422,0.5875211486023655
-1.5073906649548916,0.5533519877684597,-0.47294988683049516,-1.9980258655982708
0.5114408513178905,0.7128042611782983,-0.2691346974583431,-0.378054955202058
-0.9441154002966877,-0.06870664232642831,-0.4904595145584155,0.019569960856585366
1.057670647169381,-1.0068753821605234,0.6610269648805559,1.3055965899871502
0.7410968473686689,0.2778882355633588,-0.18257156148006817,0.38227002877094546
0.3872624979863395,-0.16542973087352647,-0.7759288989067059,0.8852854477835022
1.2783108580661957,0.5996041554458116,-0.7418785738076948,0.6867762308722424
1.458696996966991,-1.0075697574350646,0.3098471116173231,0.726600318330213
-1.542784665266352,0.13420336168029243,-0.1424367211071273,0.20459442429903088
1.9069505650906382,0.6889753340739282,-0.9789450651409985,0.28669221887181584
-0.02771718805345968,0.8004140976466037,-0.4001584197627981,0.3075258313111611
0.7287705786034837,0.9577663092505131,-0.41983321651083755,-0.6794955791254481
-0.8692069041151197,-0.4009347264261394,-0.017499810120101753,1.3589006927714655
-2.2346757400115735,0.979850830177378,-0.19594831090871545,-0.80633565303977
0.24241123104003506,-0.08237398004727162,0.8870724474157982,0.36879001344460083
-0.8941411849315515,-0.10095275263681948,-0.47098217755134125,-0.023926187015415844
-0.7641518763249846,0.15628788260715692,-0.8695615528202374,-0.5379672635550038
0.4790755913315901,-1.4645533679945626,1.6021981558000185,0.3185514888381924
-0.4786719699322206,0.19132842999801788,-1.1516764176156178,-1.0575519667841606
-0.04729130285257371,-1.0717063224274233,0.726142758529103,0.10656225660058795
1.3475844885265362,1.2377858406958953,-1.3812807675752339,-1.4747927926674318
-0.4379107600212913,0.230230381354619,-1.0771238851837304,-0.8939439073048355
1.0428439067404014,-0.3420584775379861,-0.13909368177171527,0.7131203030038684
-0.9263303553640636,-0.04733343265641068,-0.3132022011373923,-0.21999052241230171
-0.7655958106660491,-1.1263756733107966,1.1024872485479098,0.7633635657527466
1.306626058315364,0.247403467412779,-0.6506108446987474,0.8613909953087198
-1.0420211922030158,1.570713380864839,0.12079088986057508,-1.066128004654348
0.34313445580697666,-0.2039794137981653,-0.7889015446794242,1.0617243970708206
-0.1216503996263221,-0.25094119913413354,-0.5490866892771039,0.778066021836278
-1.7496546730569165,-1.3015953462474072,2.1760712680890832,0.3246779070515363
-1.4598464854320348,0.22882469482323112,-0.48278613718276514,-1.036088181396343
0.3893755726317998,0.7576676783065681,-0.36553408378888796,-0.5667751697708826
-0.09203213667912005,0.0076915738553859705,-1.0773075686636981,0.28240419993672206
1.818553609088882,1.390937928687947,-1.3092768434278983,-1.232152516793229
0.25273007889203297,1.1028568696649677,-0.7957896751782128,0.14700230257962182
1.054994085951798,1.5647519150931701,-1.2887961354115005,-1.8381135572453247
1.0225231722332246,-1.1954067371895543,0.5244812579595722,0.03364224399164463
1.0625307188539401,1.3257513327926238,-1.1855200987996652,-1.0538562156577813
-1.0957637240192228,1.399693831540086,-0.6291657984125192,-2.0170258169018354
0.10349770384747418,0.195884209238299,0.3460557176059545,0.5427949789452257
1.112223190933015,1.1505147238737075,-0.9681307002579007,0.3632795537523201
-0.41097258008274806,0.18362255804884353,-1.1489211654161025,-0.9154076926926532
-2.0934519178733093,1.0685106975486478,-0.25969107054450413,-1.809305651029446
1.068869942790321,0.2186631054397045,-0.27149503017592796,0.4968430518311701
1.502050245109685,0.0395820285373537,-0.38855191987233945,1.3154045448994642
1.1760028273151586,-0.17909706859436975,0.15954810413375825,1.0604924800286941
-1.4768567363279903,-2.5141608714013333,2.657092381254479,-0.6966476548658234
-0.05122514348420566,-0.4853927765873209,-0.07221452671547827,0.9949592315300397
-0.21995767571528735,-1.4116453592710008,1.5953100253012302,-0.14588597418592925
1.3216993241196473,1.2850880392762116,-1.4552363286972263,-1.9061059016857627
-0.20072869644159852,-0.4471936684964138,1.4575933361954525,0.8791590295701582
-0.31445437386027253,-0.3420584775379861,-0.3133989720653077,0.501131070766264
0.7005610320865885,0.1850282445802314,-0.2775933217108553,0.5483092291514823
-1.740251490884618,0.9311429450656734,-0.3952402945866631,-2.6352112649258013
-0.49517508291326573,-0.3105174121709887,-0.3791082929585004,0.7247619190519629
-0.14492274723409926,0.8771679694568413,-0.7951927038683176,-0.9178241453522087
0.198952329165068,1.336962953079115,-0.6378218824059968,-0.2708307911123643
0.5347198903287116,1.2514531784167386,-1.1319993248240787,-0.31191048632480994
-0.2079201938183151,-0.512022915165083,-0.5420033950808497,0.8491381588820318
1.4743689672541547,0.9756507065655201,-0.7696147792828165,0.3975884433755402
-1.6455857467679962,0.4836096126328553,-0.4363578415774311,-1.8962979467734487
1.2271392337352982,-0.9560504992605846,0.3383869323173033,0.5844574656814465
1.9822112403797831,0.18536696422634893,-0.6281784997076928,1.2645168947747045
-2.460669073343554,1.3089169663805815,-0.38186354515801585,-2.7246673947540567
-1.0207495741053818,-1.8837019940827298,1.7410858270905905,0.338157922377881
-0.8166617812646735,-1.943621499480925,1.4619328584096891,0.11207745443533842
-0.0981459659866519,0.7850023537482548,0.13870002915742516,0.1617047586631534
1.0505566291963313,0.18257252714587915,-0.08773578077274835,0.8338197442774371
1.2820439566065087,-1.1312701721971954,0.4454055198334804,0.3418347209343813
-0.06857348632343482,0.5274229988581609,-1.5062084943882612,-2.4532192126639747
0.9783246942323465,-0.24778602563054855,-0.0017719121478680443,1.141372571986762
-1.2134619817713623,0.3938997143586211,-0.45898305422245167,-1.3032246538389824
0.09889120112037071,-0.9560504992605846,0.04681236830358674,1.321516748685399
-0.8909011371418457,-0.2884391575575774,-0.5544066220656682,0.18192241258143546
-0.24637815236569277,1.2616147678002654,0.1656555798426841,-1.4999049477569315
-0.9472145764433632,1.806563870456492,0.352346876794848,-1.0955044879665932
-0.47270253405879525,-0.6918153033242807,-0.3354331831135322,0.6224441014896609
-1.640901764637226,-1.7028595750205677,2.4613317124789105,-0.18383849536836164
-0.8129286827243601,-0.1047972206202537,-0.26106869664426174,0.0667618598549659
0.8825671948822368,0.6350003584650961,-0.2602811537239003,0.027530040205709854
0.05554499655982814,0.30557856663346883,-1.2596823038366212,-0.4062469028968736
-0.4829509460892778,-1.6555573764402511,1.2333158071548993,0.7370147554786508
-0.8177183185874036,1.0183971259055553,-0.7056929282540593,-0.2959903276265611
-0.42211552704647537,-0.02314884992361731,-0.6665453865859448,0.026298123163583487
1.7239583007937753,0.3188902487258888,-0.7218111536212243,1.0862679750639543
-0.3839886168602198,-1.384310683829314,0.7749336828955216,1.0991083411568872
-0.045864977466888,0.24354206344703885,-1.3586417786692158,-1.325872974844229
-0.7003722399428408,-1.3762491562517163,0.9053719141075796,0.8589413756518761
-1.3415495231970151,-0.4026859069965672,0.28093992395740736,0.8295317253423432
1.1039821998157195,0.8904796515492611,-0.6228516787886298,0.6757458352027413
-0.3360816928565588,0.1646881298308723,-1.1601488181291277,-0.8939439073048355
0.5791648937048935,0.833710238859959,-0.3627788315893726,0.807475672145811
-1.0078598187680738,1.817775490742983,0.352943848104743,-2.1677461288635307
1.332757748097556,0.9861510155951642,-0.959474616264423,0.06491398429177629
-0.7267504551003371,-1.9401157511436085,1.8357287401439444,0.6138666421767325
0.44663989552377426,-0.37605238122234397,0.6385946198895015,0.10533981584340098
-2.2315765638648983,1.2367358097929309,-0.38658421059318554,-2.287810659046157
0.1345246832249831,0.27263808104853676,-1.1571869220146485,-0.0864222861909819
-1.1587333484539404,-1.8483057910634453,1.7588112829074727,0.10962783477849478
0.6902774021453484,1.297366626447973,-1.0304912417069323,-0.7395752256414585
1.3595585781841446,-1.1442431346434976,0.4652662961049872,0.30139467495534744
-0.809406891648593,1.5514402330007504,0.40802593166005496,-1.7413133065890083
0.07049499967645985,-0.32488589955929537,-0.3667142501476804,0.6861650104936489
-1.1711300530406408,0.4482134096135709,-0.4570153449432978,-1.4447529694094268
-0.23584799704914888,1.2444416817421053,-1.1741087626066724,-2.651747382145113
-0.8699112623302734,-1.455103089867883,1.7465963314896211,0.6224441014896609
