GLCM_Pan,Mean_G,Mean_R,Mean_NIR,SD_Plan,name,is_train,target,prediction,score_0,score_1
0.7370181,0.0,0.121285886,0.3292701,0.21337584,0,0,0,1,0.0018715167,0.9981285
0.77607715,0.0,0.12961431,0.25563392,0.2561367,1,0,0,1,0.0018715167,0.9981285
0.7140046,0.0,0.12347606,0.35400608,0.015244395,2,0,0,1,0.0018715167,0.9981285
0.7814003,0.0,0.13225959,0.42520645,0.12640488,3,0,0,1,0.0018715167,0.9981285
0.79159045,0.0,0.12720801,0.17003018,0.25230742,4,0,0,1,0.0018715167,0.9981285
0.6137703,0.031581007,0.21779577,0.27999246,0.25364238,5,0,0,1,0.0018715167,0.9981285
0.61758506,0.0,0.14092082,0.49426845,0.06686392,6,0,0,1,0.0018715167,0.9981285
0.62169373,0.0,0.18057159,0.29517826,0.2536311,7,0,0,1,0.0018715167,0.9981285
0.6420952,0.0,0.12605402,0.4295874,0.090053745,8,0,0,1,0.0018715167,0.9981285
0.69156325,0.0,0.13347161,0.37873995,0.07513567,9,0,0,1,0.0018715167,0.9981285
0.70390016,0.0,0.15034232,0.37432644,0.02700267,10,0,0,1,0.0018715167,0.9981285
0.7748423,0.0,0.1349372,0.36267224,0.13750768,11,0,0,1,0.0018715167,0.9981285
0.6012796,0.0,0.12767677,0.23907292,0.00818903,12,0,1,1,0.0018715167,0.9981285
0.6284165,0.0,0.12934768,0.4129381,0.205292,13,0,0,1,0.0018715167,0.9981285
0.6194705,0.0,0.13426182,0.40186122,0.21586905,14,0,0,1,0.0018715167,0.9981285
0.86098415,0.24293645,0.0,0.032195374,0.32427743,15,0,1,0,1.0,0.0
0.7668765,0.0,0.1365794,0.3584539,0.21944523,16,0,0,1,0.0018715167,0.9981285
0.7196871,0.0,0.12219892,0.36715388,0.08345274,17,0,0,1,0.0018715167,0.9981285
0.6217323,0.0,0.12794572,0.37001956,0.26524758,18,0,0,1,0.0018715167,0.9981285
0.6757264,0.0,0.12986688,0.37149084,0.07956324,19,0,0,1,0.0018715167,0.9981285
0.5949361,0.0,0.12967676,0.18163267,0.0,20,0,0,1,0.0018715167,0.9981285
0.7609541,0.0,0.12748422,0.19743034,0.21510662,21,0,0,1,0.0018715167,0.9981285
0.9253813,0.2550401,0.0,0.05331336,0.31100857,22,0,1,0,1.0,0.0
0.6601692,0.0,0.12989745,0.4173255,0.23049715,23,0,0,1,0.0018715167,0.9981285
0.99818915,0.2502754,0.0,0.029524148,0.2681908,24,0,1,0,1.0,0.0
0.6073291,0.0,0.15730445,0.29494596,0.18539321,25,0,0,1,0.0018715167,0.9981285
0.55570745,0.0,0.12958424,0.3686786,0.0318102,26,0,0,1,0.0018715167,0.9981285
0.7180464,0.0,0.12199652,0.35212356,0.074277215,27,0,0,1,0.0018715167,0.9981285
0.63189304,0.0,0.11840737,0.24169707,0.0122730285,28,0,0,1,0.0018715167,0.9981285
0.67688954,0.0,0.13376632,0.2790245,0.0060559735,29,0,0,1,0.0018715167,0.9981285
0.8271903,0.0,0.1333037,0.32274684,0.20087661,30,0,0,1,0.0018715167,0.9981285
0.6740652,0.0,0.14078876,0.47602266,0.1247348,31,0,0,1,0.0018715167,0.9981285
0.5595591,0.0,0.15683559,0.32426918,0.19744176,32,0,0,1,0.0018715167,0.9981285
0.6323419,0.0,0.12889339,0.4098101,0.096751176,33,0,0,1,0.0018715167,0.9981285
0.5859903,0.0,0.12387655,0.3560397,0.29867873,34,0,0,1,0.0018715167,0.9981285
0.6188847,0.0,0.12201177,0.25163913,0.19052525,35,0,0,1,0.0018715167,0.9981285
0.7839212,0.0,0.13734746,0.5224278,0.10191991,36,0,0,1,0.0018715167,0.9981285
0.70462894,0.0,0.1313607,0.3458908,0.20264053,37,0,0,1,0.0018715167,0.9981285
0.9027816,0.23850065,0.0,0.0,0.30503482,38,0,1,0,1.0,0.0
0.60393864,0.0,0.13459903,0.2095422,0.0166592,39,0,0,1,0.0018715167,0.9981285
0.71049225,0.0,0.13562636,0.44143066,0.028455846,40,0,0,1,0.0018715167,0.9981285
0.88665414,0.0,0.12402048,0.21583012,0.06500449,41,0,0,1,0.0018715167,0.9981285
0.57319957,0.0,0.12391253,0.24670711,0.02141434,42,0,0,1,0.0018715167,0.9981285
0.88022166,0.0,0.13176975,0.3179116,0.13704029,43,0,0,1,0.0018715167,0.9981285
0.5408261,0.0,0.1344695,0.3970215,0.07611088,44,0,0,1,0.0018715167,0.9981285
0.62760884,0.0,0.12532511,0.20393899,0.0,45,0,0,1,0.0018715167,0.9981285
0.6153029,0.032558918,0.41640586,0.46792462,0.1798346,46,0,0,1,0.0018715167,0.9981285
0.7951789,0.0,0.115492865,0.06186431,0.07140448,47,0,0,1,0.0018715167,0.9981285
0.69371766,0.0,0.13081267,0.4969027,0.04476837,48,0,0,1,0.0018715167,0.9981285
0.8214242,0.0,0.1181282,0.092780106,0.030328773,49,0,0,1,0.0018715167,0.9981285
0.6546076,0.0,0.12543917,0.3216374,0.06843176,50,0,0,1,0.0018715167,0.9981285
0.7447978,0.0,0.13893558,0.47182187,0.041130222,51,0,0,1,0.0018715167,0.9981285
0.6259543,0.0,0.13367379,0.39827436,0.23277128,52,0,0,1,0.0018715167,0.9981285
0.82682353,0.25748634,0.0,0.11851297,0.38860774,53,0,1,0,1.0,0.0
0.53610396,0.0,0.1511865,0.4734326,0.13460794,54,0,0,1,0.0018715167,0.9981285
0.7325834,0.0,0.14300177,0.4519916,0.025637291,55,0,0,1,0.0018715167,0.9981285
0.8821366,0.0,0.13497269,0.32131615,0.2044091,56,0,0,1,0.0018715167,0.9981285
0.6242626,0.0,0.13223505,0.4634418,0.09560429,57,0,0,1,0.0018715167,0.9981285
0.7385229,0.0,0.120848574,0.33479145,0.1987027,58,0,0,1,0.0018715167,0.9981285
0.90987796,0.25307316,0.0,0.093909994,0.3278879,59,0,1,0,1.0,0.0
0.667205,0.0,0.12720974,0.4163817,0.093451045,60,0,0,1,0.0018715167,0.9981285
0.62075245,0.0,0.13895999,0.4472256,0.07154115,61,0,0,1,0.0018715167,0.9981285
0.7164819,0.0,0.13260207,0.5352455,0.26642874,62,0,0,1,0.0018715167,0.9981285
0.6351428,0.033745356,0.22148938,0.27373013,0.16295859,63,0,0,1,0.0018715167,0.9981285
0.84715784,0.0,0.13703687,0.37128046,0.12326085,64,0,0,1,0.0018715167,0.9981285
0.61061954,0.0,0.124488235,0.38870198,0.07938974,65,0,0,1,0.0018715167,0.9981285
0.71575326,0.0,0.1237776,0.28612795,0.07814958,66,0,0,1,0.0018715167,0.9981285
0.5882205,0.0,0.13902727,0.42199746,0.0295467,67,0,0,1,0.0018715167,0.9981285
0.5605404,0.0,0.12719944,0.23467734,0.0,68,0,0,1,0.0018715167,0.9981285
0.6822636,0.0,0.12679619,0.34425184,0.23788121,69,0,0,1,0.0018715167,0.9981285
0.62523615,0.0,0.118121386,0.27401164,0.06351284,70,0,0,1,0.0018715167,0.9981285
0.6807273,0.0,0.12461002,0.383491,0.09088688,71,0,0,1,0.0018715167,0.9981285
0.73316777,0.0,0.13513693,0.48707452,0.14854994,72,0,0,1,0.0018715167,0.9981285
0.72356355,0.0,0.12682703,0.29029232,0.026671998,73,0,0,1,0.0018715167,0.9981285
0.70116514,0.0,0.13673094,0.44644237,0.1885961,74,0,0,1,0.0018715167,0.9981285
0.62643,0.0,0.14769289,0.41244784,0.13503078,75,0,0,1,0.0018715167,0.9981285
0.5449042,0.01358588,0.19976622,0.3790025,0.28588513,76,0,0,1,0.0018715167,0.9981285
0.70273465,0.0,0.13517196,0.5751835,0.2545202,77,0,0,1,0.0018715167,0.9981285
0.72173566,0.0,0.14041297,0.4191216,0.0,78,0,0,1,0.0018715167,0.9981285
0.6605392,0.0,0.1294177,0.32303503,0.041313015,79,0,0,1,0.0018715167,0.9981285
0.6286023,0.0,0.15526578,0.17849174,0.061555214,80,0,0,1,0.0018715167,0.9981285
0.72939867,0.0,0.13809642,0.5307639,0.09534585,81,0,0,1,0.0018715167,0.9981285
0.7451768,0.0,0.1482648,0.50679535,0.19243503,82,0,0,1,0.0018715167,0.9981285
0.61126906,0.0,0.14736147,0.14452405,0.16983077,83,0,0,1,0.0018715167,0.9981285
0.5886016,0.0,0.1434544,0.3437487,0.04373958,84,0,0,1,0.0018715167,0.9981285
0.58216166,0.0,0.13706017,0.24800608,0.06987593,85,0,0,1,0.0018715167,0.9981285
0.75273937,0.0,0.13064827,0.45285162,0.18201403,86,0,0,1,0.0018715167,0.9981285
0.66842985,0.0,0.17693722,0.26099774,0.063142754,87,0,0,1,0.0018715167,0.9981285
0.6765559,0.0,0.13513875,0.36629894,0.23604974,88,0,0,1,0.0018715167,0.9981285
0.7667344,0.0,0.12751803,0.27054015,0.09031389,89,0,0,1,0.0018715167,0.9981285
0.60154223,0.0064470023,0.19341892,0.30563608,0.1544328,90,0,0,1,0.0018715167,0.9981285
0.74888194,0.0,0.14336744,0.38086894,0.16329536,91,0,0,1,0.0018715167,0.9981285
0.7722506,0.0,0.12399349,0.35317153,0.010748878,92,0,0,1,0.0018715167,0.9981285
0.8166006,0.0,0.15006104,0.56676817,0.03268259,93,0,0,1,0.0018715167,0.9981285
0.74466676,0.0,0.123948514,0.016216211,0.038989417,94,0,1,1,0.0018715167,0.9981285
0.6843137,0.0,0.14341727,0.63477874,0.24654788,95,0,0,1,0.0018715167,0.9981285
0.61110395,0.0,0.123588696,0.3248759,0.21357471,96,0,0,1,0.0018715167,0.9981285
0.8036323,0.0,0.13497226,0.4340002,0.19663104,97,0,0,1,0.0018715167,0.9981285
0.58717394,0.065513335,0.19761035,0.27829313,0.0,98,0,0,1,0.0018715167,0.9981285
0.66468894,0.0,0.12812236,0.31688598,0.18479088,99,0,0,1,0.0018715167,0.9981285
0.61657923,0.0,0.13013354,0.21755451,0.03552989,100,0,0,1,0.0018715167,0.9981285
0.72771335,0.0,0.1301401,0.45543298,0.07275116,101,0,0,1,0.0018715167,0.9981285
0.8611131,0.0,0.12428263,0.21884012,0.24263039,102,0,0,1,0.0018715167,0.9981285
0.59582263,0.0,0.12083612,0.29062328,0.029050313,103,0,0,1,0.0018715167,0.9981285
0.6369596,0.0,0.15383947,0.1809358,0.027085625,104,0,0,1,0.0018715167,0.9981285
0.9180212,0.2533287,0.0,0.117380634,0.43284446,105,0,1,0,1.0,0.0
0.6974425,0.0,0.13176164,0.508967,0.080447204,106,0,0,1,0.0018715167,0.9981285
0.56440675,0.0,0.15854245,0.40494347,0.13420427,107,0,0,1,0.0018715167,0.9981285
0.6150833,0.0,0.12875299,0.37315005,0.23163101,108,0,0,1,0.0018715167,0.9981285
0.6625994,0.0,0.13213491,0.35726458,0.06033405,109,0,0,1,0.0018715167,0.9981285
0.58129716,0.0,0.14680946,0.3730476,0.051072218,110,0,0,1,0.0018715167,0.9981285
0.90503395,0.0,0.12439828,0.21439603,0.15207976,111,0,0,1,0.0018715167,0.9981285
0.6080032,0.0,0.15130436,0.19421992,0.027430855,112,0,0,1,0.0018715167,0.9981285
0.61285454,0.0,0.11375321,0.1962429,0.0045253932,113,0,0,1,0.0018715167,0.9981285
0.646895,0.0,0.14206395,0.44554463,0.049991615,114,0,0,1,0.0018715167,0.9981285
0.5953543,0.0,0.13880388,0.3374594,0.017290056,115,0,0,1,0.0018715167,0.9981285
0.60351175,0.0,0.14105272,0.47534823,0.019180149,116,0,0,1,0.0018715167,0.9981285
0.8506389,0.0,0.1346579,0.3136489,0.2175745,117,0,0,1,0.0018715167,0.9981285
0.5653501,0.0,0.1278633,0.27228904,0.0011388734,118,0,0,1,0.0018715167,0.9981285
0.5701194,0.0,0.1450592,0.49821717,0.046403266,119,0,0,1,0.0018715167,0.9981285
0.71296334,0.0,0.13994932,0.37339264,0.041465916,120,0,0,1,0.0018715167,0.9981285
0.9747052,0.2343073,0.0,0.0,0.27180982,121,0,1,0,1.0,0.0
0.7637744,0.0,0.12598146,0.21209782,0.094058044,122,0,0,1,0.0018715167,0.9981285
0.6239083,0.0,0.17756605,0.38686997,0.050474055,123,0,0,1,0.0018715167,0.9981285
0.756703,0.0,0.13844186,0.4872697,0.2204538,124,0,0,1,0.0018715167,0.9981285
0.7067646,0.0,0.12638544,0.41527852,0.09097899,125,0,0,1,0.0018715167,0.9981285
0.62156314,0.0,0.11801561,0.28594002,0.031762145,126,0,0,1,0.0018715167,0.9981285
0.67062694,0.0,0.14207664,0.46665496,0.21224332,127,0,0,1,0.0018715167,0.9981285
0.60602593,0.0,0.1424733,0.547023,0.123306386,128,0,0,1,0.0018715167,0.9981285
0.75370437,0.0,0.12725505,0.39152065,0.12589991,129,0,0,1,0.0018715167,0.9981285
0.7299375,0.0,0.1313607,0.23979592,0.24914,130,0,0,1,0.0018715167,0.9981285
0.7819113,0.0,0.14315204,0.3741248,0.25470385,131,0,0,1,0.0018715167,0.9981285
0.81085384,0.0,0.121400036,0.18860528,0.08304573,132,0,0,1,0.0018715167,0.9981285
0.79552513,0.0,0.123294994,0.30102876,0.12508589,133,0,0,1,0.0018715167,0.9981285
0.74248934,0.0,0.12423637,0.3812355,0.20018174,134,0,0,1,0.0018715167,0.9981285
0.5739184,0.0,0.1325708,0.34559467,0.096277215,135,0,0,1,0.0018715167,0.9981285
0.67980176,0.0013513416,0.41193712,0.49093482,0.46682733,136,0,0,1,0.0018715167,0.9981285
0.6629873,0.0,0.1352467,0.43640375,0.24917775,137,0,0,1,0.0018715167,0.9981285
0.70005554,0.0011717826,0.3655017,0.45898983,0.22197828,138,0,0,1,0.0018715167,0.9981285
0.6782487,0.0,0.1356168,0.35570878,0.21821067,139,0,0,1,0.0018715167,0.9981285
0.595609,0.0,0.114311315,0.1852939,0.0,140,0,0,1,0.0018715167,0.9981285
0.77584076,0.0,0.13738897,0.36456788,0.19557773,141,0,0,1,0.0018715167,0.9981285
0.6573432,0.0,0.12329431,0.33861005,0.07389406,142,0,0,1,0.0018715167,0.9981285
0.6785978,0.0,0.1274747,0.3990824,0.17397672,143,0,0,1,0.0018715167,0.9981285
0.55546486,0.0,0.1307966,0.37580377,0.039492987,144,0,0,1,0.0018715167,0.9981285
0.86111313,0.26282215,0.0,0.13694744,0.34573364,145,0,1,0,1.0,0.0
0.78464085,0.0,0.12311854,0.16640437,0.06131517,146,0,0,1,0.0018715167,0.9981285
0.591797,0.0,0.13078736,0.4299178,0.11685384,147,0,0,1,0.0018715167,0.9981285
0.7489344,0.0,0.1294177,0.38401544,0.049142264,148,0,0,1,0.0018715167,0.9981285
0.9637559,0.24512695,0.0,0.05841936,0.285705,149,0,0,0,1.0,0.0
0.64693093,0.0,0.121645704,0.3271925,0.15496725,150,0,0,1,0.0018715167,0.9981285
0.57396096,0.0,0.1568612,0.43213794,0.08429972,151,0,0,1,0.0018715167,0.9981285
0.629426,0.0,0.12908405,0.31765032,0.17594069,152,0,0,1,0.0018715167,0.9981285
0.7658142,0.0,0.122455284,0.06447876,0.0,153,0,1,1,0.0018715167,0.9981285
0.6921048,0.0,0.13356277,0.42103696,0.07581661,154,0,0,1,0.0018715167,0.9981285
0.83396345,0.0,0.14468768,0.43659467,0.15651521,155,0,0,1,0.0018715167,0.9981285
0.9224131,0.24856195,0.0,0.0,0.3483645,156,0,1,0,1.0,0.0
0.7320222,0.0,0.12741776,0.34743276,0.052090593,157,0,0,1,0.0018715167,0.9981285
0.58658165,0.0,0.14263958,0.4317665,0.05692924,158,0,0,1,0.0018715167,0.9981285
0.9075567,0.24646938,0.0,0.020754144,0.3210899,159,0,1,0,1.0,0.0
0.52373177,0.0,0.14358082,0.41001883,0.08223412,160,0,0,1,0.0018715167,0.9981285
0.6172501,0.0031003281,0.17888322,0.30005515,0.07342925,161,0,0,1,0.0018715167,0.9981285
0.92282367,0.24684751,0.0,0.0,0.31092697,162,0,1,0,1.0,0.0
0.5375863,0.011633135,0.18027657,0.40758556,0.19355762,163,0,0,1,0.0018715167,0.9981285
0.6267211,0.0,0.12585554,0.38282403,0.05637931,164,0,0,1,0.0018715167,0.9981285
0.6954232,0.0,0.1247545,0.28367347,0.18118352,165,0,0,1,0.0018715167,0.9981285
0.6198998,0.0,0.12009592,0.15053976,0.0,166,0,0,1,0.0018715167,0.9981285
0.6449919,0.0,0.12236154,0.3410834,0.20300674,167,0,0,1,0.0018715167,0.9981285
0.74595594,0.0,0.1434145,0.3995036,0.19502884,168,0,0,1,0.0018715167,0.9981285
0.5844194,0.027726807,0.21492317,0.4341423,0.20589721,169,0,0,1,0.0018715167,0.9981285
0.59594715,0.0,0.149595,0.40657502,0.095294975,170,0,0,1,0.0018715167,0.9981285
0.5698459,0.0,0.12588792,0.18703806,0.0,171,0,0,1,0.0018715167,0.9981285
0.8755328,0.020568646,0.21490967,0.2793712,0.19546804,172,0,0,1,0.0018715167,0.9981285
0.69720703,0.0,0.12844619,0.41516823,0.0630723,173,0,0,1,0.0018715167,0.9981285
0.6177537,0.0,0.11657231,0.18637618,0.17475688,174,0,0,1,0.0018715167,0.9981285
0.5191269,0.0,0.13639024,0.38555226,0.041423567,175,0,0,1,0.0018715167,0.9981285
0.5607382,0.0,0.13921168,0.4603487,0.06104476,176,0,0,1,0.0018715167,0.9981285
0.67067814,0.0,0.12104429,0.2975731,0.061440118,177,0,0,1,0.0018715167,0.9981285
0.7746399,0.0,0.11711203,0.22645706,0.098965086,178,0,0,1,0.0018715167,0.9981285
0.5894832,0.091116734,0.3346625,0.51536345,0.24483281,179,0,0,1,0.0018715167,0.9981285
0.7088602,0.015271902,0.20168835,0.2942865,0.1454969,180,0,0,1,0.0018715167,0.9981285
0.6720375,0.0,0.13389248,0.48251015,0.2650425,181,0,0,1,0.0018715167,0.9981285
0.5254879,0.0,0.14291117,0.51315576,0.09320139,182,0,0,1,0.0018715167,0.9981285
0.81298673,0.0,0.115988374,0.049741827,0.17757909,183,0,0,1,0.0018715167,0.9981285
0.6001332,0.0,0.1266341,0.33989155,0.24435356,184,0,0,1,0.0018715167,0.9981285
0.584967,0.0,0.14158076,0.45897013,0.16249093,185,0,0,1,0.0018715167,0.9981285
0.64530426,0.0,0.12397106,0.3698144,0.23773554,186,0,0,1,0.0018715167,0.9981285
0.683717,0.0,0.12812236,0.37236625,0.056923665,187,0,0,1,0.0018715167,0.9981285
0.79473144,0.0,0.1321379,0.36071703,0.17038822,188,0,0,1,0.0018715167,0.9981285
0.66077465,0.4351707,0.39587724,0.4088372,0.104620345,189,0,0,0,1.0,0.0
0.6311882,0.0,0.1266921,0.33701047,0.037724994,190,0,0,1,0.0018715167,0.9981285
0.8013316,0.0,0.13071303,0.47687075,0.24325255,191,0,0,1,0.0018715167,0.9981285
0.612221,0.0,0.1643536,0.16130236,0.02037146,192,0,0,1,0.0018715167,0.9981285
0.71705025,0.0,0.14075187,0.49646994,0.2757094,193,0,0,1,0.0018715167,0.9981285
0.88533145,0.25338006,0.0,0.03614828,0.3645746,194,0,1,0,1.0,0.0
0.82333803,0.0,0.12623449,0.31631714,0.14478531,195,0,0,1,0.0018715167,0.9981285
0.86620945,0.0,0.139957,0.435787,0.1447775,196,0,0,1,0.0018715167,0.9981285
0.75272506,0.0,0.14774996,0.661992,0.030652173,197,0,0,1,0.0018715167,0.9981285
0.7119592,0.0,0.13539062,0.4612061,0.26417512,198,0,0,1,0.0018715167,0.9981285
0.7247571,0.0,0.12987107,0.44559297,0.23403957,199,0,0,1,0.0018715167,0.9981285
0.732754,0.0,0.13298647,0.48919594,0.057034947,200,0,0,1,0.0018715167,0.9981285
0.71728843,0.0,0.119378865,0.3121346,0.0049131066,201,0,0,1,0.0018715167,0.9981285
0.6376172,0.0,0.13500382,0.40148923,0.061841913,202,0,0,1,0.0018715167,0.9981285
0.56376815,0.0,0.1352467,0.28091562,0.1,203,0,0,1,0.0018715167,0.9981285
0.65781325,0.0,0.12224306,0.32097045,0.0380198,204,0,0,1,0.0018715167,0.9981285
0.6244043,0.0,0.13395137,0.29584482,0.16304463,205,0,0,1,0.0018715167,0.9981285
0.5652344,0.0,0.12695657,0.32510754,0.056869783,206,0,0,1,0.0018715167,0.9981285
0.8709306,0.0,0.12684053,0.21099007,0.20937522,207,0,0,1,0.0018715167,0.9981285
0.55081254,0.0,0.14558238,0.4667402,0.11560132,208,0,0,1,0.0018715167,0.9981285
0.8564877,0.0,0.12423637,0.26714838,0.15463632,209,0,0,1,0.0018715167,0.9981285
0.91253364,0.24136475,0.0,0.0,0.29618675,210,0,1,0,1.0,0.0
0.6705685,0.0,0.13674131,0.5324409,0.26620084,211,0,0,1,0.0018715167,0.9981285
0.5990061,0.0,0.13585511,0.5263852,0.08391211,212,0,0,1,0.0018715167,0.9981285
0.7439373,0.0,0.14615738,0.3174806,0.0,213,0,0,1,0.0018715167,0.9981285
0.7836083,0.0,0.124278605,0.14807788,0.059602402,214,0,0,1,0.0018715167,0.9981285
0.6370408,0.0,0.14144105,0.28348678,0.031380273,215,0,0,1,0.0018715167,0.9981285
0.5723659,0.0,0.12617937,0.1862438,0.029175438,216,0,0,1,0.0018715167,0.9981285
0.77476746,0.0,0.13383707,0.45751598,0.020821847,217,0,0,1,0.0018715167,0.9981285
0.5703338,0.0,0.14615086,0.46862838,0.08379967,218,0,0,1,0.0018715167,0.9981285
0.7493513,0.0,0.1379633,0.44191027,0.15169266,219,0,0,1,0.0018715167,0.9981285
0.60740715,0.0,0.11364967,0.22389139,0.0,220,0,0,1,0.0018715167,0.9981285
0.5959357,0.0,0.113321714,0.19781628,0.0052326396,221,0,0,1,0.0018715167,0.9981285
0.5399863,0.0,0.13946947,0.49359736,0.09056368,222,0,0,1,0.0018715167,0.9981285
0.83192784,0.2601493,0.0,0.07213931,0.29705155,223,0,1,0,1.0,0.0
0.5978233,0.0,0.13749823,0.4976048,0.08495594,224,0,0,1,0.0018715167,0.9981285
0.71864164,0.0,0.12682703,0.4171539,0.078100435,225,0,0,1,0.0018715167,0.9981285
0.6314952,0.0,0.14308569,0.32654315,0.098393925,226,0,0,1,0.0018715167,0.9981285
0.6040573,0.0,0.14313418,0.46860656,0.05583898,227,0,0,1,0.0018715167,0.9981285
0.64625305,0.0,0.11994615,0.2607891,0.038616337,228,0,0,1,0.0018715167,0.9981285
0.585763,0.0,0.1349523,0.50654864,0.19668093,229,0,0,1,0.0018715167,0.9981285
0.7405354,0.0,0.15885414,0.5212079,0.2142704,230,0,0,1,0.0018715167,0.9981285
0.6380393,0.0,0.1245602,0.18101703,0.006705098,231,0,0,1,0.0018715167,0.9981285
0.58654416,0.0,0.13236395,0.3949612,0.24351701,232,0,0,1,0.0018715167,0.9981285
0.6869281,0.0,0.1428028,0.5879206,0.31088352,233,0,0,1,0.0018715167,0.9981285
0.55280834,0.0,0.14485145,0.33455423,0.040280588,234,0,0,1,0.0018715167,0.9981285
0.6275505,0.0,0.13672914,0.34619966,0.074926265,235,0,0,1,0.0018715167,0.9981285
0.67535114,0.0,0.12653019,0.38086045,0.21182996,236,0,0,1,0.0018715167,0.9981285
0.6420505,0.0,0.12520787,0.24660784,0.0,237,0,0,1,0.0018715167,0.9981285
0.66722715,0.0,0.1284711,0.4402096,0.06266003,238,0,0,1,0.0018715167,0.9981285
0.82514924,0.0,0.12616691,0.41640714,0.14438966,239,0,0,1,0.0018715167,0.9981285
0.84270465,0.0,0.12845819,0.14297357,0.04463134,240,0,1,1,0.0018715167,0.9981285
0.7037964,0.0,0.123264864,0.14655268,0.20219296,241,0,0,1,0.0018715167,0.9981285
0.59794974,0.0,0.15841171,0.1652523,0.15476829,242,0,0,1,0.0018715167,0.9981285
0.6176257,0.0,0.14682373,0.5700634,0.25265378,243,0,0,1,0.0018715167,0.9981285
0.7627439,0.0,0.1305797,0.42390254,0.2378003,244,0,0,1,0.0018715167,0.9981285
0.5148183,0.0,0.12644248,0.32053226,0.052698024,245,0,0,1,0.0018715167,0.9981285
0.6361611,0.0,0.12678893,0.2945362,0.099594556,246,0,0,1,0.0018715167,0.9981285
0.81228316,0.0,0.13381803,0.34776613,0.27539316,247,0,0,1,0.0018715167,0.9981285
0.7320446,0.0,0.123798236,0.2850751,0.13412833,248,0,0,1,0.0018715167,0.9981285
0.6359823,0.0,0.11747303,0.20307523,0.0,249,0,0,1,0.0018715167,0.9981285
0.6204485,0.0,0.1107917,0.18395686,0.0,250,0,0,1,0.0018715167,0.9981285
0.79642284,0.0,0.12108483,0.36709163,0.22195533,251,0,0,1,0.0018715167,0.9981285
0.68593514,0.0,0.14508313,0.59543574,0.2196195,252,0,0,1,0.0018715167,0.9981285
0.7777813,0.0,0.12325015,0.3025312,0.07813727,253,0,0,1,0.0018715167,0.9981285
0.6331276,0.0,0.13357674,0.38489667,0.115265705,254,0,0,1,0.0018715167,0.9981285
0.7180313,0.0,0.13020416,0.4419825,0.055709757,255,0,0,1,0.0018715167,0.9981285
0.6459592,0.0,0.12497122,0.3181043,0.027620293,256,0,0,1,0.0018715167,0.9981285
0.7955393,0.0,0.12785742,0.190523,0.22008824,257,0,0,1,0.0018715167,0.9981285
0.6342102,0.0,0.12617937,0.3743519,0.012312256,258,0,0,1,0.0018715167,0.9981285
0.62033594,0.0,0.14731684,0.4543198,0.0,259,0,0,1,0.0018715167,0.9981285
0.8174629,0.0,0.14866635,0.5439802,0.031117372,260,0,0,1,0.0018715167,0.9981285
0.8021778,0.0,0.1274747,0.188763,0.06300091,261,0,0,1,0.0018715167,0.9981285
0.6309254,0.0,0.17662695,0.3031991,0.17189729,262,0,0,1,0.0018715167,0.9981285
0.72206634,0.0,0.14123762,0.33847216,0.027720965,263,0,0,1,0.0018715167,0.9981285
0.62688416,0.0,0.124784395,0.2908333,0.012820803,264,0,0,1,0.0018715167,0.9981285
0.6677584,0.0,0.13499598,0.39756063,0.08415619,265,0,0,1,0.0018715167,0.9981285
0.7350283,0.0,0.118867,0.2412807,0.040916882,266,0,0,1,0.0018715167,0.9981285
0.5441812,0.0,0.16481516,0.34049895,0.20298153,267,0,0,1,0.0018715167,0.9981285
0.6885866,0.0,0.1383814,0.42280197,0.022489525,268,0,0,1,0.0018715167,0.9981285
0.5081273,0.0038221627,0.17345902,0.27506894,0.15225637,269,0,0,1,0.0018715167,0.9981285
0.6498721,0.0,0.12812236,0.42862657,0.19715036,270,0,0,1,0.0018715167,0.9981285
0.65265703,0.0,0.12042233,0.29698473,0.0,271,0,0,1,0.0018715167,0.9981285
0.55370146,0.0,0.164471,0.33458468,0.10693858,272,0,0,1,0.0018715167,0.9981285
0.61734253,0.0,0.12813017,0.3179241,0.22207573,273,0,0,1,0.0018715167,0.9981285
0.81654024,0.0,0.12331709,0.2419675,0.06563526,274,0,0,1,0.0018715167,0.9981285
0.6917843,0.0,0.13109401,0.33639726,0.10298278,275,0,0,1,0.0018715167,0.9981285
0.6105462,0.0,0.124365896,0.28597683,0.0,276,0,0,1,0.0018715167,0.9981285
0.7818401,0.0,0.15613395,0.40281302,0.011482976,277,0,0,1,0.0018715167,0.9981285
0.92297053,0.25148672,0.0,0.095507756,0.38389695,278,0,1,0,1.0,0.0
0.6295904,0.0,0.12777242,0.3401046,0.2148642,279,0,0,1,0.0018715167,0.9981285
0.5761953,0.0,0.13078704,0.40056258,0.074292324,280,0,0,1,0.0018715167,0.9981285
0.67082477,0.47712547,0.44453016,0.45795065,0.10647608,281,0,0,0,1.0,0.0
0.5902971,0.0,0.12996572,0.44474944,0.25471777,282,0,0,1,0.0018715167,0.9981285
0.9155158,0.25166982,0.0,0.11418919,0.39011747,283,0,1,0,1.0,0.0
0.72522473,0.0,0.14584324,0.629313,0.0,284,0,0,1,0.0018715167,0.9981285
0.6778525,0.0,0.12537877,0.20177422,0.0,285,0,1,1,0.0018715167,0.9981285
0.7445773,0.0,0.13306674,0.46235856,0.14146835,286,0,0,1,0.0018715167,0.9981285
0.9093497,0.2390712,0.0,0.0,0.33885676,287,0,1,0,1.0,0.0
0.7842021,0.0,0.14333054,0.3183367,0.19435388,288,0,0,1,0.0018715167,0.9981285
0.6335992,0.0,0.1211475,0.33068436,0.026510246,289,0,0,1,0.0018715167,0.9981285
0.6582906,0.0,0.12233898,0.39607295,0.06282122,290,0,0,1,0.0018715167,0.9981285
0.70503926,0.021242358,0.20163253,0.2639272,0.3109101,291,0,0,1,0.0018715167,0.9981285
0.7671876,0.0,0.12229337,0.33573228,0.089034416,292,0,0,1,0.0018715167,0.9981285
0.7935819,0.0,0.12998441,0.17906785,0.093705185,293,0,0,1,0.0018715167,0.9981285
0.6826466,0.0,0.13337566,0.45083654,0.097301476,294,0,0,1,0.0018715167,0.9981285
0.7421283,0.0,0.12886481,0.36497247,0.086363696,295,0,0,1,0.0018715167,0.9981285
0.66911465,0.0,0.1197027,0.39553225,0.004648283,296,0,0,1,0.0018715167,0.9981285
0.7443308,0.0,0.12909387,0.18560398,0.04056751,297,0,0,1,0.0018715167,0.9981285
0.6515749,0.0,0.1435641,0.42963684,0.0,298,0,0,1,0.0018715167,0.9981285
0.60160464,0.0,0.19275379,0.28084895,0.021683156,299,0,0,1,0.0018715167,0.9981285
0.6150327,0.0,0.13071303,0.38229454,0.0,300,0,0,1,0.0018715167,0.9981285
0.59687,0.022342294,0.21666764,0.3176188,0.20577574,301,0,0,1,0.0018715167,0.9981285
0.92122245,0.25083476,0.0,0.0680754,0.30997917,302,0,1,0,1.0,0.0
0.6130082,0.0,0.119526066,0.25310636,0.0021851137,303,0,0,1,0.0018715167,0.9981285
0.78460836,0.0,0.14219995,0.56639886,0.02025912,304,0,0,1,0.0018715167,0.9981285
0.66181827,0.0,0.12056317,0.26074383,0.010237083,305,0,0,1,0.0018715167,0.9981285
0.73427474,0.0,0.12826017,0.40626326,0.16685158,306,0,0,1,0.0018715167,0.9981285
0.7492754,0.0,0.12488403,0.13000551,0.04744012,307,0,0,1,0.0018715167,0.9981285
0.7685046,0.0,0.1274747,0.25407913,0.06772504,308,0,0,1,0.0018715167,0.9981285
0.7994732,0.0,0.11984412,0.24470595,0.08798667,309,0,0,1,0.0018715167,0.9981285
0.7881659,0.0,0.12521985,0.21852669,0.23356295,310,0,0,1,0.0018715167,0.9981285
0.57022494,0.0,0.12625268,0.3052035,0.031105123,311,0,0,1,0.0018715167,0.9981285
0.8204162,0.0,0.12897865,0.28369257,0.11889822,312,0,0,1,0.0018715167,0.9981285
0.60561645,0.0,0.14155833,0.5262978,0.14585774,313,0,0,1,0.0018715167,0.9981285
0.5822393,0.0,0.12850016,0.40728074,0.061797075,314,0,0,1,0.0018715167,0.9981285
0.70089895,0.0,0.13424821,0.35595697,0.026332743,315,0,0,1,0.0018715167,0.9981285
0.65900403,0.0,0.13034293,0.33775905,0.0,316,0,0,1,0.0018715167,0.9981285
0.6304316,0.0,0.1575792,0.19252926,0.22198847,317,0,0,1,0.0018715167,0.9981285
0.7375429,0.0,0.14245856,0.5566569,0.0951769,318,0,0,1,0.0018715167,0.9981285
0.8163209,0.0,0.12966058,0.5138445,0.20990184,319,0,0,1,0.0018715167,0.9981285
0.62329185,0.0,0.11754574,0.19251044,0.007381156,320,0,0,1,0.0018715167,0.9981285
0.69977707,0.0,0.14070204,0.3670372,0.08061028,321,0,0,1,0.0018715167,0.9981285
0.6083668,0.0,0.12528497,0.3003467,0.05727554,322,0,0,1,0.0018715167,0.9981285
0.64428484,0.0,0.13320406,0.4584624,0.13753593,323,0,0,1,0.0018715167,0.9981285
0.5374022,0.0,0.12728965,0.30395555,0.03299167,324,0,0,1,0.0018715167,0.9981285
0.59383655,0.0,0.17846687,0.24132457,0.17294039,325,0,0,1,0.0018715167,0.9981285
0.7535342,0.0,0.12524025,0.3004523,0.12578666,326,0,0,1,0.0018715167,0.9981285
0.82665646,0.0,0.12996174,0.36129948,0.15732533,327,0,0,1,0.0018715167,0.9981285
0.5886362,0.0,0.13715762,0.45866486,0.08693484,328,0,0,1,0.0018715167,0.9981285
0.51856095,0.0,0.1529016,0.39514002,0.06665263,329,0,0,1,0.0018715167,0.9981285
0.7732651,0.0,0.1369873,0.4967733,0.09058087,330,0,0,1,0.0018715167,0.9981285
0.75403184,0.0,0.1441045,0.42829242,0.22250456,331,0,0,1,0.0018715167,0.9981285
0.8149748,0.0,0.12539469,0.18709534,0.040585004,332,0,0,1,0.0018715167,0.9981285
0.7286089,0.0,0.14002542,0.4228455,0.08318523,333,0,0,1,0.0018715167,0.9981285
0.6225096,0.0,0.13280492,0.20344828,0.039053805,334,0,0,1,0.0018715167,0.9981285
0.6335147,0.0,0.12517188,0.3037654,0.06330036,335,0,0,1,0.0018715167,0.9981285
0.57665664,0.0,0.1119778,0.18692976,0.0,336,0,0,1,0.0018715167,0.9981285
0.6085149,0.025095977,0.1966973,0.3638676,0.31951398,337,0,0,1,0.0018715167,0.9981285
0.62306774,0.0,0.11894446,0.3058063,0.058247022,338,0,0,1,0.0018715167,0.9981285
0.655063,0.0,0.12625133,0.4440706,0.14714575,339,0,0,1,0.0018715167,0.9981285
0.5718518,0.0,0.14213787,0.4030513,0.1522679,340,0,0,1,0.0018715167,0.9981285
0.6090506,0.0,0.13836598,0.44732228,0.06867907,341,0,0,1,0.0018715167,0.9981285
0.69243807,0.0,0.14032577,0.51219845,0.06823372,342,0,0,1,0.0018715167,0.9981285
0.5331304,0.07272852,0.2885328,0.34288922,0.17837209,343,0,0,1,0.0018715167,0.9981285
0.6324108,0.0,0.11575194,0.23581907,0.050870113,344,0,0,1,0.0018715167,0.9981285
0.73317915,0.0,0.12804876,0.37090707,0.15764692,345,0,0,1,0.0018715167,0.9981285
0.69088584,0.0,0.12700367,0.28734392,0.21326274,346,0,0,1,0.0018715167,0.9981285
0.7499635,0.0,0.12691955,0.37246078,0.07392635,347,0,0,1,0.0018715167,0.9981285
0.6533127,0.0,0.12550727,0.43222323,0.24914354,348,0,0,1,0.0018715167,0.9981285
0.63650036,0.0,0.12597483,0.35780475,0.22849819,349,0,0,1,0.0018715167,0.9981285
0.69765484,0.0,0.14129159,0.46131116,0.023617417,350,0,0,1,0.0018715167,0.9981285
0.76569325,0.0,0.1363053,0.48108906,0.16223261,351,0,0,1,0.0018715167,0.9981285
0.6486113,0.0,0.13456744,0.38292414,0.051581435,352,0,1,1,0.0018715167,0.9981285
0.56471145,0.0,0.12726745,0.38465086,0.104560204,353,0,0,1,0.0018715167,0.9981285
0.8536476,0.0,0.12944083,0.44408634,0.24321139,354,0,0,1,0.0018715167,0.9981285
0.6372775,0.0,0.14864317,0.5525387,0.18823004,355,0,0,1,0.0018715167,0.9981285
0.7162133,0.0,0.16286084,0.33277342,0.18151069,356,0,0,1,0.0018715167,0.9981285
0.7389035,0.0,0.12637866,0.40113285,0.1357809,357,0,0,1,0.0018715167,0.9981285
0.9162546,0.24362142,0.0,0.028571427,0.32867742,358,0,1,0,1.0,0.0
0.58631194,0.0,0.12517317,0.2949137,0.008354373,359,0,0,1,0.0018715167,0.9981285
0.6650411,0.0,0.13148323,0.45857248,0.11858577,360,0,0,1,0.0018715167,0.9981285
0.62840736,0.0,0.16915292,0.38336787,0.27104786,361,0,0,1,0.0018715167,0.9981285
0.82073367,0.23709029,0.0,0.0,0.28868717,362,0,1,0,1.0,0.0
0.68397915,0.0,0.1265032,0.40205184,0.17221755,363,0,0,1,0.0018715167,0.9981285
0.60349375,0.0,0.14195468,0.3932472,0.0938976,364,0,0,1,0.0018715167,0.9981285
0.64447296,0.0,0.12554023,0.37220076,0.06519843,365,0,0,1,0.0018715167,0.9981285
0.5624818,0.0,0.13883378,0.52435064,0.07148593,366,0,0,1,0.0018715167,0.9981285
0.7346032,0.0,0.1253977,0.22282937,0.24271092,367,0,0,1,0.0018715167,0.9981285
0.63642985,0.0,0.17358437,0.25008807,0.14117718,368,0,0,1,0.0018715167,0.9981285
0.6690871,0.0,0.13570006,0.43177053,0.23495588,369,0,0,1,0.0018715167,0.9981285
0.5617789,0.0,0.12963359,0.38714838,0.104003735,370,0,0,1,0.0018715167,0.9981285
0.68257946,0.0,0.3818712,0.49899796,0.30387518,371,0,0,1,0.0018715167,0.9981285
0.7863427,0.0,0.13006537,0.4879316,0.26167157,372,0,0,1,0.0018715167,0.9981285
0.6575935,0.0,0.1278448,0.34087935,0.16186017,373,0,0,1,0.0018715167,0.9981285
0.72477424,0.0,0.12545075,0.33854386,0.1086626,374,0,0,1,0.0018715167,0.9981285
0.7169935,0.0,0.13092892,0.2385549,0.21816131,375,0,0,1,0.0018715167,0.9981285
0.7169454,0.0,0.14169845,0.4311723,0.06689631,376,0,0,1,0.0018715167,0.9981285
0.78074425,0.0,0.12631154,0.27337822,0.21983948,377,0,0,1,0.0018715167,0.9981285
0.7704723,0.0,0.12661979,0.39532045,0.120252766,378,0,0,1,0.0018715167,0.9981285
0.64592826,0.0,0.12665808,0.4405981,0.11043122,379,0,0,1,0.0018715167,0.9981285
0.860085,0.25733623,0.0,0.17751794,0.3654434,380,0,1,0,1.0,0.0
0.6543854,0.0,0.129532,0.37594822,0.048311345,381,0,0,1,0.0018715167,0.9981285
0.6690947,0.0,0.1375813,0.453455,0.038673006,382,0,0,1,0.0018715167,0.9981285
0.67992556,0.0,0.123264864,0.4011583,0.076211266,383,0,0,1,0.0018715167,0.9981285
0.53135705,0.003979653,0.18658899,0.4273028,0.30793723,384,0,0,1,0.0018715167,0.9981285
0.7848566,0.0,0.1243764,0.22354618,0.23470321,385,0,0,1,0.0018715167,0.9981285
0.54092956,0.0,0.13966607,0.3523539,0.044672064,386,0,0,1,0.0018715167,0.9981285
0.71256477,0.0,0.119304135,0.27018118,0.15166417,387,0,0,1,0.0018715167,0.9981285
0.74876004,0.0,0.13873047,0.38268587,0.11883334,388,0,0,1,0.0018715167,0.9981285
0.6855754,0.0,0.14114046,0.53485936,0.10441091,389,0,0,1,0.0018715167,0.9981285
0.58235437,0.0,0.13105845,0.47156096,0.08094319,390,0,0,1,0.0018715167,0.9981285
0.5628014,0.0,0.17583784,0.34664547,0.20252588,391,0,0,1,0.0018715167,0.9981285
0.5711372,0.0,0.16037142,0.2502805,0.106726386,392,0,0,1,0.0018715167,0.9981285
0.71776694,0.0,0.13608485,0.3745855,0.006082654,393,0,0,1,0.0018715167,0.9981285
0.5997032,0.0,0.12710863,0.21794528,1.7248094e-05,394,0,0,1,0.0018715167,0.9981285
0.8148234,0.0,0.122455284,0.29649752,0.12694538,395,0,0,1,0.0018715167,0.9981285
0.70496327,0.0,0.123176545,0.25951463,0.15381011,396,0,0,1,0.0018715167,0.9981285
0.7261924,0.0,0.14828399,0.34690812,0.02971635,397,0,0,1,0.0018715167,0.9981285
0.58627003,0.0,0.14185736,0.34132606,0.07714643,398,0,0,1,0.0018715167,0.9981285
0.7570611,0.0,0.13292271,0.34700042,0.20816153,399,0,0,1,0.0018715167,0.9981285
0.5405556,0.0,0.13145515,0.3993381,0.06077581,400,0,0,1,0.0018715167,0.9981285
0.7451007,0.0,0.11314832,0.0,0.0067016035,401,0,0,1,0.0018715167,0.9981285
0.6707619,0.0,0.15410098,0.49395722,0.08115899,402,0,0,1,0.0018715167,0.9981285
0.60537356,0.0,0.119414546,0.2575991,0.07062403,403,0,0,1,0.0018715167,0.9981285
0.575592,0.0,0.14825566,0.41003284,0.03913284,404,0,0,1,0.0018715167,0.9981285
0.5336099,0.09255145,0.35031164,0.5613416,0.2316105,405,0,0,1,0.0018715167,0.9981285
0.30988917,0.018836252,0.21663679,0.30794263,0.15064895,406,0,0,1,0.0018715167,0.9981285
0.5730957,0.0,0.17332949,0.35131824,0.20903707,407,0,0,1,0.0018715167,0.9981285
0.70861036,0.0,0.13492286,0.30882517,0.01552137,408,0,0,1,0.0018715167,0.9981285
0.7706163,0.0,0.12617937,0.1849421,0.0665719,409,0,0,1,0.0018715167,0.9981285
0.6503045,0.0,0.13576666,0.41472697,0.09866745,410,0,0,1,0.0018715167,0.9981285
0.61214346,0.0,0.11701308,0.23139364,0.0,411,0,0,1,0.0018715167,0.9981285
0.78529054,0.0,0.13131443,0.28777087,0.27780458,412,0,0,1,0.0018715167,0.9981285
0.6529927,0.0,0.14067645,0.37041685,0.007573344,413,0,0,1,0.0018715167,0.9981285
0.5476443,0.0,0.14692307,0.36413726,0.11438107,414,0,0,1,0.0018715167,0.9981285
0.718547,0.0,0.1197027,0.14048538,0.20740715,415,0,0,1,0.0018715167,0.9981285
0.58871216,0.0,0.14427736,0.30255598,0.00994619,416,0,0,1,0.0018715167,0.9981285
0.604416,0.0,0.1103763,0.19180363,0.02206324,417,0,0,1,0.0018715167,0.9981285
0.70102304,0.0,0.121645704,0.34191948,0.055111058,418,0,0,1,0.0018715167,0.9981285
0.6825103,0.0,0.120197974,0.32755265,0.16041473,419,0,0,1,0.0018715167,0.9981285
0.7032432,0.0,0.13287193,0.35526752,0.20668736,420,0,0,1,0.0018715167,0.9981285
0.77105856,0.0,0.13933995,0.52751243,0.03003686,421,0,0,1,0.0018715167,0.9981285
0.5922908,0.0,0.14098316,0.5476716,0.19514158,422,0,0,1,0.0018715167,0.9981285
0.693785,0.0,0.13128874,0.37324876,0.1477614,423,0,0,1,0.0018715167,0.9981285
0.7903666,0.0,0.12381538,0.12212906,0.21067329,424,0,0,1,0.0018715167,0.9981285
0.7487868,0.0,0.13781953,0.34871343,0.07273335,425,0,0,1,0.0018715167,0.9981285
0.74999005,0.0,0.12762891,0.25530693,0.26647127,426,0,0,1,0.0018715167,0.9981285
0.78503364,0.0,0.1464552,0.5473464,0.06903421,427,0,0,1,0.0018715167,0.9981285
0.7744693,0.0,0.14085981,0.5553454,0.029708005,428,0,0,1,0.0018715167,0.9981285
0.6761572,0.0,0.13040462,0.44728547,0.07971259,429,0,0,1,0.0018715167,0.9981285
0.76926684,0.0,0.14075187,0.38858247,0.17498657,430,0,0,1,0.0018715167,0.9981285
0.7374332,0.0,0.12522854,0.35377708,0.15735832,431,0,0,1,0.0018715167,0.9981285
0.63958794,0.0,0.13656399,0.43900362,0.19459583,432,0,0,1,0.0018715167,0.9981285
0.7536019,0.0,0.13548957,0.25096527,0.20920604,433,0,0,1,0.0018715167,0.9981285
0.7357204,0.0,0.1294177,0.40430227,0.15081856,434,0,0,1,0.0018715167,0.9981285
0.6646644,0.0,0.12617937,0.3678276,0.01565992,435,0,0,1,0.0018715167,0.9981285
0.60509527,0.0,0.13204537,0.43692854,0.11040402,436,0,0,1,0.0018715167,0.9981285
0.78597033,0.0,0.1274747,0.34478766,0.10119737,437,0,0,1,0.0018715167,0.9981285
0.7454202,0.0,0.14224958,0.5274614,0.0,438,0,0,1,0.0018715167,0.9981285
0.818521,0.0,0.12847564,0.24818233,0.21957237,439,0,0,1,0.0018715167,0.9981285
0.58566254,0.0,0.1516191,0.22051719,0.086727016,440,0,0,1,0.0018715167,0.9981285
0.62890023,0.0,0.13654202,0.39553225,0.06459571,441,0,0,1,0.0018715167,0.9981285
0.56695837,0.0,0.13813628,0.48911282,0.20596132,442,0,0,1,0.0018715167,0.9981285
0.631284,0.0,0.13242051,0.43313944,0.06773298,443,0,0,1,0.0018715167,0.9981285
0.9803469,0.25485575,0.0,0.065612,0.3541224,444,0,1,0,1.0,0.0
0.74057406,0.0,0.11699774,0.10711203,0.034508906,445,0,0,1,0.0018715167,0.9981285
0.72458595,0.0,0.13438846,0.44956568,0.07528306,446,0,0,1,0.0018715167,0.9981285
0.6713849,0.0,0.12957962,0.45439878,0.20082274,447,0,0,1,0.0018715167,0.9981285
0.6642512,0.0,0.13337566,0.45517558,0.0415679,448,0,0,1,0.0018715167,0.9981285
0.68694997,0.0,0.12602991,0.38305825,0.18974942,449,0,0,1,0.0018715167,0.9981285
0.6135947,0.0,0.114723764,0.23163265,0.0,450,0,0,1,0.0018715167,0.9981285
0.6537239,0.0,0.12151617,0.27506894,0.0015149191,451,0,0,1,0.0018715167,0.9981285
0.6881368,0.0,0.1410757,0.6225593,0.2723963,452,0,0,1,0.0018715167,0.9981285
0.6804779,0.0,0.1448209,0.4004005,0.21043506,453,0,0,1,0.0018715167,0.9981285
0.54522216,0.0,0.12566832,0.28127414,0.035998978,454,0,0,1,0.0018715167,0.9981285
0.7460476,0.0,0.1233115,0.21036118,0.08332441,455,0,0,1,0.0018715167,0.9981285
0.59962803,0.025117598,0.20697895,0.25718504,0.23230183,456,0,0,1,0.0018715167,0.9981285
0.5309869,0.0,0.15031967,0.39708167,0.03317859,457,0,0,1,0.0018715167,0.9981285
0.788365,0.0,0.13274157,0.33790028,0.32030994,458,0,0,1,0.0018715167,0.9981285
0.7366208,0.0,0.14055997,0.5098915,0.07972609,459,0,0,1,0.0018715167,0.9981285
0.80115193,0.0,0.13022351,0.37297425,0.22454691,460,0,0,1,0.0018715167,0.9981285
0.70974,0.0,0.12690799,0.27355212,0.2239343,461,0,0,1,0.0018715167,0.9981285
0.56815547,0.0,0.16015595,0.22023828,0.09275869,462,0,0,1,0.0018715167,0.9981285
0.7631267,0.0,0.11964382,0.23956776,0.09744882,463,0,0,1,0.0018715167,0.9981285
0.5297016,0.0,0.1247545,0.28367347,0.1584764,464,0,0,1,0.0018715167,0.9981285
0.69289905,0.0,0.13313098,0.46970767,0.19941998,465,0,0,1,0.0018715167,0.9981285
0.7439655,0.0,0.13295904,0.40021965,0.119486295,466,0,0,1,0.0018715167,0.9981285
0.48349908,0.016424485,0.20736627,0.32190713,0.18444985,467,0,0,1,0.0018715167,0.9981285
0.90155095,0.248311,0.0,0.031697586,0.35356086,468,0,1,0,1.0,0.0
0.8316837,0.0,0.12169036,0.26581395,0.10095196,469,0,0,1,0.0018715167,0.9981285
0.66523635,0.0,0.1435944,0.42998716,0.18830085,470,0,0,1,0.0018715167,0.9981285
0.66808754,0.0,0.13351959,0.30198565,0.27348074,471,0,0,1,0.0018715167,0.9981285
0.6762252,0.0,0.13680872,0.42917165,0.03888368,472,0,0,1,0.0018715167,0.9981285
0.8150183,0.0,0.12448224,0.19125453,0.12490127,473,0,0,1,0.0018715167,0.9981285
0.6268673,0.015860088,0.2018567,0.30633035,0.2868288,474,0,0,1,0.0018715167,0.9981285
0.7522378,0.0,0.12382422,0.18649453,0.03869777,475,0,0,1,0.0018715167,0.9981285
0.7563482,0.0,0.13902944,0.35509965,0.048272617,476,0,0,1,0.0018715167,0.9981285
0.62160647,0.0,0.13632613,0.45068946,0.21405926,477,0,0,1,0.0018715167,0.9981285
0.68921494,0.0,0.13084257,0.40868175,0.18713608,478,0,0,1,0.0018715167,0.9981285
0.7586666,0.0,0.14401741,0.43398938,0.05694162,479,0,0,1,0.0018715167,0.9981285
0.9153568,0.25570005,0.0,0.09876816,0.32417744,480,0,1,0,1.0,0.0
0.78508097,0.0,0.13654202,0.33199117,0.15750489,481,0,0,1,0.0018715167,0.9981285
0.5519276,0.0,0.14375418,0.41276374,0.121475466,482,0,0,1,0.0018715167,0.9981285
0.6923274,0.0,0.12759246,0.3766384,0.14835173,483,0,0,1,0.0018715167,0.9981285
0.8838353,0.25229084,0.0,0.07134952,0.33311927,484,0,1,0,1.0,0.0
0.64504415,0.0,0.15951514,0.35106906,0.19805554,485,0,0,1,0.0018715167,0.9981285
0.5512061,0.0,0.13696931,0.44322026,0.096807145,486,0,0,1,0.0018715167,0.9981285
0.6596742,0.0,0.13186444,0.43237728,0.21927363,487,0,0,1,0.0018715167,0.9981285
0.7460668,0.0,0.123496175,0.35903394,0.14297809,488,0,0,1,0.0018715167,0.9981285
0.86432266,0.23279394,0.0,0.0,0.2898063,489,0,1,0,1.0,0.0
0.5955498,0.0,0.1659461,0.20477661,0.21459016,490,0,0,1,0.0018715167,0.9981285
0.6223137,0.0,0.12928817,0.39478213,0.24245343,491,0,0,1,0.0018715167,0.9981285
0.6554716,0.0,0.12390534,0.30373597,0.24812585,492,0,0,1,0.0018715167,0.9981285
0.49594852,0.017933965,0.2180873,0.3404716,0.16756248,493,0,0,1,0.0018715167,0.9981285
0.80485934,0.0,0.1371897,0.45444015,0.22392657,494,0,0,1,0.0018715167,0.9981285
0.72675854,0.0,0.13477173,0.47556168,0.04227277,495,0,0,1,0.0018715167,0.9981285
0.63678056,0.0,0.15859802,0.31552225,0.1965047,496,0,0,1,0.0018715167,0.9981285
0.5758637,0.0,0.1368829,0.3954234,0.083754934,497,0,0,1,0.0018715167,0.9981285
0.60702336,0.0,0.1142466,0.16513564,0.0,498,0,0,1,0.0018715167,0.9981285
0.7174481,0.0,0.13341165,0.4467733,0.24041012,499,0,0,1,0.0018715167,0.9981285
0.56608206,0.0,0.14061308,0.34751794,0.058064677,500,0,0,1,0.0018715167,0.9981285
0.6652491,0.0,0.11602123,0.3142596,0.0027386397,501,0,0,1,0.0018715167,0.9981285
0.6122262,0.0,0.14520636,0.3921787,0.009287305,502,0,0,1,0.0018715167,0.9981285
0.7167267,0.0,0.12969708,0.40242368,0.12057199,503,0,0,1,0.0018715167,0.9981285
0.73945063,0.0,0.12894085,0.29051661,0.25692046,504,0,0,1,0.0018715167,0.9981285
0.6734357,0.0,0.13006537,0.4161831,0.036117397,505,0,0,1,0.0018715167,0.9981285
0.86651343,0.24500734,0.0,0.0,0.3849619,506,0,1,0,1.0,0.0
0.7301,0.0,0.1328055,0.40785354,0.109875746,507,0,0,1,0.0018715167,0.9981285
0.5172088,0.0,0.16928518,0.28507078,0.20623228,508,0,0,1,0.0018715167,0.9981285
0.57591546,0.0,0.15283334,0.4483474,0.08402365,509,0,0,1,0.0018715167,0.9981285
0.7461915,0.0,0.13153936,0.2674953,0.07930767,510,0,0,1,0.0018715167,0.9981285
0.5894386,0.0,0.16830811,0.30466276,0.19302037,511,0,0,1,0.0018715167,0.9981285
0.7195602,0.0,0.13433072,0.5215933,0.09348071,512,0,0,1,0.0018715167,0.9981285
0.59131557,0.0,0.17163168,0.34404695,0.19809735,513,0,0,1,0.0018715167,0.9981285
0.55103946,0.0,0.13828959,0.401548,0.04280608,514,0,0,1,0.0018715167,0.9981285
0.5502219,0.0,0.16777948,0.38647413,0.09178481,515,0,0,1,0.0018715167,0.9981285
0.5642029,0.0007787645,0.20787287,0.31206304,0.06694376,516,0,0,1,0.0018715167,0.9981285
0.55278844,0.023076497,0.2118564,0.3030762,0.23354709,517,0,0,1,0.0018715167,0.9981285
0.774254,0.0,0.13217029,0.48885825,0.23358488,518,0,0,1,0.0018715167,0.9981285
0.5737364,0.0,0.16113177,0.32976282,0.20756787,519,0,0,1,0.0018715167,0.9981285
0.7801791,0.0,0.13335767,0.34881413,0.28917214,520,0,0,1,0.0018715167,0.9981285
0.74660796,0.0,0.13241741,0.3078904,0.26878613,521,0,0,1,0.0018715167,0.9981285
0.8158161,0.25206304,0.0,0.10291754,0.35564625,522,0,1,0,1.0,0.0
0.81977123,0.0,0.12730679,0.2570877,0.238197,523,0,0,1,0.0018715167,0.9981285
0.53964394,0.057891585,0.27839053,0.5158301,0.18797493,524,0,0,1,0.0018715167,0.9981285
0.6615655,0.0,0.13194948,0.2549817,0.0,525,0,0,1,0.0018715167,0.9981285
0.7179485,0.0,0.12608412,0.33093995,0.11649985,526,0,0,1,0.0018715167,0.9981285
0.7401919,0.0,0.13758393,0.4610878,0.15629825,527,0,0,1,0.0018715167,0.9981285
0.54141194,0.0,0.12384314,0.32671973,0.058514826,528,0,0,1,0.0018715167,0.9981285
0.5661517,0.0,0.13847506,0.4114379,0.029269747,529,0,0,1,0.0018715167,0.9981285
0.6978971,0.0,0.12974153,0.4283508,0.19505137,530,0,0,1,0.0018715167,0.9981285
0.6282004,0.0,0.13043669,0.3174738,0.085085995,531,0,0,1,0.0018715167,0.9981285
0.8231911,0.0,0.13411328,0.28124657,0.20605704,532,0,0,1,0.0018715167,0.9981285
0.766902,0.0,0.14119889,0.4774047,0.0,533,0,0,1,0.0018715167,0.9981285
0.60065395,0.0,0.12155005,0.22265983,0.117518924,534,0,0,1,0.0018715167,0.9981285
0.6137412,0.026845314,0.20392214,0.22330543,0.16670725,535,0,0,1,0.0018715167,0.9981285
0.7603448,0.0,0.15204464,0.4081056,0.14483228,536,0,0,1,0.0018715167,0.9981285
0.72217286,0.0,0.14407739,0.49885017,0.024208412,537,0,0,1,0.0018715167,0.9981285
0.7198714,0.0,0.12597328,0.46331546,0.13179487,538,0,0,1,0.0018715167,0.9981285
0.621273,0.0,0.13905174,0.5754826,0.23144573,539,0,0,1,0.0018715167,0.9981285
0.7402008,0.0,0.13474296,0.51577497,0.09654356,540,0,0,1,0.0018715167,0.9981285
0.7545765,0.0,0.13071303,0.3620769,0.16757172,541,0,0,1,0.0018715167,0.9981285
0.65076846,0.0,0.1303198,0.38394925,0.09367099,542,0,0,1,0.0018715167,0.9981285
0.59976405,0.0,0.12965019,0.42815137,0.08523507,543,0,0,1,0.0018715167,0.9981285
0.64012426,0.037892602,0.21828681,0.33130565,0.23559928,544,0,0,1,0.0018715167,0.9981285
0.5956267,0.0,0.13094854,0.31082085,0.21037515,545,0,0,1,0.0018715167,0.9981285
0.707432,0.0,0.13547528,0.42913923,0.20372614,546,0,0,1,0.0018715167,0.9981285
0.6436877,0.0,0.13433103,0.43621546,0.08032585,547,0,0,1,0.0018715167,0.9981285
0.74535376,0.0,0.12402048,0.47098732,0.1708062,548,0,0,1,0.0018715167,0.9981285
0.55044395,0.0015879199,0.19896474,0.28673077,0.12007994,549,0,0,1,0.0018715167,0.9981285
0.46930948,0.0,0.15532437,0.32289025,0.05647587,550,0,0,1,0.0018715167,0.9981285
0.54403543,0.0,0.13386741,0.398952,0.0989672,551,0,0,1,0.0018715167,0.9981285
0.6701941,0.0,0.14896913,0.36268616,0.007870279,552,0,0,1,0.0018715167,0.9981285
0.56227946,0.0,0.13979194,0.32511228,0.021930784,553,0,1,1,0.0018715167,0.9981285
0.7015913,0.0,0.14055756,0.5530171,0.10367762,554,0,0,1,0.0018715167,0.9981285
0.60807043,0.0,0.13276398,0.34853834,0.13201988,555,0,0,1,0.0018715167,0.9981285
0.7034556,0.0,0.12758264,0.34464976,0.0,556,0,0,1,0.0018715167,0.9981285
0.7887459,0.0,0.13635091,0.35819358,0.22832352,557,0,0,1,0.0018715167,0.9981285
0.6311927,0.0,0.14457762,0.4112251,0.049523912,558,0,0,1,0.0018715167,0.9981285
0.68704665,0.0,0.13700464,0.27340478,0.0011454672,559,0,0,1,0.0018715167,0.9981285
0.7344044,0.0,0.13052113,0.43701047,0.042901836,560,0,0,1,0.0018715167,0.9981285
0.8447429,0.27011263,0.0,0.09315656,0.32554322,561,0,1,0,1.0,0.0
0.6623639,0.0,0.13948597,0.61618114,0.30655363,562,0,0,1,0.0018715167,0.9981285
0.5490302,0.0,0.14974649,0.4694204,0.10092416,563,0,0,1,0.0018715167,0.9981285
0.8766771,0.25094473,0.0,0.014977679,0.30492076,564,0,1,0,1.0,0.0
0.87097913,0.0,0.1268552,0.22419482,0.22997484,565,0,0,1,0.0018715167,0.9981285
0.9159847,0.0,0.12844619,0.2594043,0.2647197,566,0,0,1,0.0018715167,0.9981285
0.74934876,0.0,0.1433293,0.34250483,0.07673929,567,0,0,1,0.0018715167,0.9981285
0.63006943,0.0,0.13654202,0.33927193,0.0,568,0,0,1,0.0018715167,0.9981285
0.83116657,0.0,0.13486321,0.2811914,0.08840551,569,0,0,1,0.0018715167,0.9981285
0.88059103,0.24942495,0.0,0.0,0.30674922,570,0,1,0,1.0,0.0
0.58653027,0.0,0.12856764,0.3791092,0.19492865,571,0,0,1,0.0018715167,0.9981285
0.6870968,0.0,0.15472296,0.29546922,0.21874401,572,0,0,1,0.0018715167,0.9981285
0.58090544,0.0,0.1466888,0.22057363,0.18962654,573,0,0,1,0.0018715167,0.9981285
0.80156755,0.0,0.12988402,0.39714727,0.12780815,574,0,0,1,0.0018715167,0.9981285
0.74049693,0.0,0.14035401,0.5794989,0.014428183,575,0,0,1,0.0018715167,0.9981285
0.9384139,0.24559131,0.0,0.06532036,0.28656358,576,0,1,0,1.0,0.0
0.6137127,0.0,0.1602397,0.36237884,0.23239812,577,0,0,1,0.0018715167,0.9981285
0.6790549,0.0,0.13644488,0.44391614,0.08865867,578,0,0,1,0.0018715167,0.9981285
0.70858294,0.0,0.1294177,0.43440706,0.13067296,579,0,0,1,0.0018715167,0.9981285
0.6445287,0.0,0.11837444,0.25802818,0.0011201277,580,0,0,1,0.0018715167,0.9981285
0.5714744,0.0,0.15532437,0.13646995,0.12992062,581,0,0,1,0.0018715167,0.9981285
0.53000057,0.0,0.15221024,0.3493181,0.060221784,582,0,0,1,0.0018715167,0.9981285
0.57601875,0.0,0.13246173,0.43633756,0.064988144,583,0,0,1,0.0018715167,0.9981285
0.5970911,0.0,0.15732872,0.29217348,0.2180494,584,0,0,1,0.0018715167,0.9981285
0.6421464,0.0,0.12781557,0.3441751,0.08683147,585,0,0,1,0.0018715167,0.9981285
0.7574595,0.0,0.12176713,0.21257585,0.15220022,586,0,0,1,0.0018715167,0.9981285
0.81907046,0.0,0.13035549,0.37911037,0.14760754,587,0,0,1,0.0018715167,0.9981285
0.37851664,0.03500528,0.23628268,0.292278,0.16500285,588,0,0,1,0.0018715167,0.9981285
0.7187629,0.0,0.13034971,0.3167705,0.25922558,589,0,0,1,0.0018715167,0.9981285
0.6723685,0.0,0.1142623,0.19352454,0.020172857,590,0,0,1,0.0018715167,0.9981285
0.7599197,0.0,0.12110728,0.3206753,0.1699171,591,0,0,1,0.0018715167,0.9981285
0.70532596,0.0,0.14337197,0.35184777,0.08566915,592,0,0,1,0.0018715167,0.9981285
0.6072638,0.0,0.11473574,0.20131522,0.0,593,0,0,1,0.0018715167,0.9981285
0.7329846,0.0,0.12759246,0.28386402,0.08331185,594,0,0,1,0.0018715167,0.9981285
0.85356635,0.0,0.12866208,0.40865967,0.1378741,595,0,0,1,0.0018715167,0.9981285
0.7003375,0.0,0.12345917,0.25507998,0.15913509,596,0,0,1,0.0018715167,0.9981285
0.66185,0.0,0.12617937,0.3353006,0.068011396,597,0,0,1,0.0018715167,0.9981285
0.7153062,0.0,0.13016763,0.4199524,0.093638204,598,0,0,1,0.0018715167,0.9981285
0.6160052,0.0,0.115140066,0.16133657,0.13984929,599,0,0,1,0.0018715167,0.9981285
0.31747657,0.020568646,0.21490967,0.2793712,0.20912422,600,0,0,1,0.0018715167,0.9981285
0.72739774,0.0,0.12644248,0.43172917,0.10307818,601,0,0,1,0.0018715167,0.9981285
0.59805226,0.0,0.13735865,0.33717117,0.0,602,0,0,1,0.0018715167,0.9981285
0.6344126,0.0,0.1305576,0.26286376,0.19876797,603,0,0,1,0.0018715167,0.9981285
0.54865116,0.0,0.12599346,0.30912545,0.062994175,604,0,0,1,0.0018715167,0.9981285
0.62809885,0.0,0.125726,0.41303915,0.10044367,605,0,0,1,0.0018715167,0.9981285
0.70214164,0.016728148,0.34283707,0.4108373,0.11590197,606,0,0,1,0.0018715167,0.9981285
0.6994154,0.0,0.12682703,0.39676148,0.107069425,607,0,0,1,0.0018715167,0.9981285
0.6101216,0.0,0.12040669,0.22975692,0.019595928,608,0,0,1,0.0018715167,0.9981285
0.6520842,0.0,0.13378945,0.31246552,0.17885874,609,0,0,1,0.0018715167,0.9981285
0.60921687,0.0,0.14406767,0.50909656,0.1431542,610,0,0,1,0.0018715167,0.9981285
0.7539983,0.0,0.12760423,0.41734666,0.10039198,611,0,0,1,0.0018715167,0.9981285
0.69187784,0.0,0.1754609,0.24335858,0.02461525,612,0,0,1,0.0018715167,0.9981285
0.8567108,0.2509841,0.0,0.018476382,0.33210993,613,0,1,0,1.0,0.0
0.72758216,0.0,0.13290513,0.5124316,0.07337787,614,0,0,1,0.0018715167,0.9981285
0.59528995,0.0,0.119565144,0.21253532,0.001997687,615,0,0,1,0.0018715167,0.9981285
0.8092973,0.0,0.13786,0.43538508,0.19318703,616,0,0,1,0.0018715167,0.9981285
0.8344473,0.0,0.13043238,0.3436404,0.25757375,617,0,0,1,0.0018715167,0.9981285
0.72049135,0.0,0.17875811,0.26724666,0.22613305,618,0,0,1,0.0018715167,0.9981285
0.9036893,0.24932389,0.0,0.025700182,0.33611748,619,0,1,0,1.0,0.0
0.55920196,0.0,0.1276264,0.337489,0.080719166,620,0,0,1,0.0018715167,0.9981285
0.62734467,0.0,0.13010715,0.4357792,0.20385364,621,0,0,1,0.0018715167,0.9981285
0.6438413,0.0,0.14442196,0.38383892,0.14136314,622,0,0,1,0.0018715167,0.9981285
0.8011679,0.0,0.12916426,0.35673037,0.11227358,623,0,0,1,0.0018715167,0.9981285
0.8232258,0.0,0.12831949,0.22888559,0.23165032,624,0,0,1,0.0018715167,0.9981285
0.7471006,0.0,0.14226308,0.48985106,0.117592104,625,0,0,1,0.0018715167,0.9981285
0.64116263,0.0,0.12327578,0.3569718,0.06529402,626,0,0,1,0.0018715167,0.9981285
0.8111679,0.0,0.1352467,0.46370655,0.14223193,627,0,0,1,0.0018715167,0.9981285
0.6835729,0.0,0.13567103,0.53388935,0.1764203,628,0,0,1,0.0018715167,0.9981285
0.7063634,0.03930992,0.49911684,0.62465525,0.34605122,629,0,0,1,0.0018715167,0.9981285
0.81008446,0.0,0.12548992,0.117386974,0.13287556,630,0,0,1,0.0018715167,0.9981285
0.65248054,0.0,0.13371888,0.43714625,0.27695057,631,0,0,1,0.0018715167,0.9981285
0.57397306,0.0,0.12616925,0.3202634,0.03344155,632,0,0,1,0.0018715167,0.9981285
0.8246945,0.0,0.13017331,0.31643686,0.27332786,633,0,0,1,0.0018715167,0.9981285
0.725064,0.0,0.13565148,0.48058465,0.103660025,634,0,0,1,0.0018715167,0.9981285
0.67319316,0.0,0.124956,0.31669426,0.21382746,635,0,0,1,0.0018715167,0.9981285
0.7199644,0.0,0.13864046,0.49192938,0.04063394,636,0,0,1,0.0018715167,0.9981285
0.784289,0.0,0.12812236,0.17960429,0.08478352,637,0,0,1,0.0018715167,0.9981285
0.63036686,0.0,0.13140959,0.53211814,0.30112913,638,0,0,1,0.0018715167,0.9981285
0.7077579,0.0,0.12569362,0.30981797,0.0594035,639,0,0,1,0.0018715167,0.9981285
0.53837305,0.0,0.16291131,0.3214577,0.18106478,640,0,0,1,0.0018715167,0.9981285
0.76220214,0.0,0.12242554,0.34449947,0.096413516,641,0,0,1,0.0018715167,0.9981285
0.6858493,0.0,0.12459258,0.34443465,0.007883057,642,0,0,1,0.0018715167,0.9981285
0.6253856,0.0,0.12527263,0.34412575,0.07241946,643,0,0,1,0.0018715167,0.9981285
0.7172961,0.0,0.121710464,0.29661334,0.026007555,644,0,0,1,0.0018715167,0.9981285
0.7766426,0.0,0.13604483,0.35215867,0.2356526,645,0,0,1,0.0018715167,0.9981285
0.6941824,0.0,0.3574263,0.36887065,0.077161096,646,0,0,1,0.0018715167,0.9981285
0.72189033,0.0,0.12040434,0.14456701,0.006229311,647,0,0,1,0.0018715167,0.9981285
0.5991204,0.0,0.12829508,0.39698842,0.20151155,648,0,0,1,0.0018715167,0.9981285
0.5589722,0.0,0.13214122,0.41824004,0.10333606,649,0,0,1,0.0018715167,0.9981285
0.5636817,0.0,0.12758264,0.31787094,0.056703083,650,0,0,1,0.0018715167,0.9981285
0.623687,0.0,0.121915564,0.30187535,0.21646482,651,0,0,1,0.0018715167,0.9981285
0.7117288,0.0,0.134974,0.24294424,0.20640992,652,0,0,1,0.0018715167,0.9981285
0.5942967,0.0,0.12745851,0.37132376,0.21979803,653,0,0,1,0.0018715167,0.9981285
0.7122884,0.08572368,0.335764,0.42857143,0.4306047,654,0,0,1,0.0018715167,0.9981285
0.82493746,0.0,0.12219742,0.2172642,0.24866357,655,0,0,1,0.0018715167,0.9981285
0.5836401,0.0,0.13652761,0.49409562,0.16032322,656,0,0,1,0.0018715167,0.9981285
0.89456666,0.2492902,0.0,0.0012796372,0.32340866,657,0,0,0,1.0,0.0
0.5435362,0.0,0.12425487,0.3018848,0.0021634102,658,0,0,1,0.0018715167,0.9981285
0.62951857,0.40578833,0.38126254,0.49939328,0.2943009,659,0,0,0,1.0,0.0
0.52963865,0.0,0.12525769,0.30584666,0.046562932,660,0,0,1,0.0018715167,0.9981285
0.59268457,0.0,0.14074872,0.46921372,0.03645382,661,0,0,1,0.0018715167,0.9981285
0.6782609,0.0,0.11695012,0.27523443,0.16882995,662,0,0,1,0.0018715167,0.9981285
0.8161466,0.0,0.12423637,0.46569222,0.15181354,663,0,0,1,0.0018715167,0.9981285
0.7314418,0.0,0.1371389,0.52482074,0.07421138,664,0,0,1,0.0018715167,0.9981285
0.71400595,0.0,0.14159742,0.45133296,0.051616304,665,0,0,1,0.0018715167,0.9981285
0.7635922,0.0,0.13448606,0.28617993,0.2691122,666,0,0,1,0.0018715167,0.9981285
0.7310657,0.0,0.1321379,0.44927743,0.0,667,0,0,1,0.0018715167,0.9981285
0.4992797,0.0,0.14577505,0.38581946,0.03399258,668,0,0,1,0.0018715167,0.9981285
0.7970877,0.0,0.13269034,0.38998148,0.13847816,669,0,0,1,0.0018715167,0.9981285
0.64367235,0.0,0.14875516,0.25010636,0.20472777,670,0,0,1,0.0018715167,0.9981285
0.7599855,0.0,0.13354358,0.24718392,0.21963134,671,0,0,1,0.0018715167,0.9981285
0.6853746,0.0,0.13589436,0.4291612,0.25957617,672,0,0,1,0.0018715167,0.9981285
0.5578904,0.10507672,0.37438804,0.5725869,0.17152348,673,0,0,1,0.0018715167,0.9981285
0.6985166,0.055464536,0.42371765,0.54636514,0.1480695,674,0,0,1,0.0018715167,0.9981285
0.5891713,0.0,0.13324481,0.45439836,0.10842673,675,0,0,1,0.0018715167,0.9981285
0.53697073,0.0,0.13346562,0.42057362,0.077284954,676,0,0,1,0.0018715167,0.9981285
0.6088908,0.0,0.13028742,0.46661887,0.29121435,677,0,0,1,0.0018715167,0.9981285
0.62387276,0.023582734,0.21936437,0.33798045,0.19677666,678,0,0,1,0.0018715167,0.9981285
0.6169569,0.0,0.11860837,0.31669933,0.042264946,679,0,0,1,0.0018715167,0.9981285
0.6174981,0.0,0.12449452,0.3007159,0.059371687,680,0,0,1,0.0018715167,0.9981285
0.765324,0.0,0.12994392,0.26486486,0.2198225,681,0,0,1,0.0018715167,0.9981285
0.829769,0.0,0.12244757,0.09943267,0.02607768,682,0,0,1,0.0018715167,0.9981285
0.58798766,0.0,0.1394411,0.53166026,0.0525729,683,0,0,1,0.0018715167,0.9981285
0.7291347,0.0,0.13023105,0.38879025,0.1822938,684,0,0,1,0.0018715167,0.9981285
0.7266285,0.0,0.14216378,0.43058136,0.23152277,685,0,0,1,0.0018715167,0.9981285
0.70265985,0.0,0.1488477,0.62044126,0.20126796,686,0,0,1,0.0018715167,0.9981285
0.5980818,0.019413717,0.19094601,0.27109763,0.20398483,687,0,0,1,0.0018715167,0.9981285
0.73761266,0.0,0.13225403,0.2538924,0.20234671,688,0,0,1,0.0018715167,0.9981285
0.8074953,0.0,0.13270491,0.3785355,0.2398571,689,0,0,1,0.0018715167,0.9981285
0.5713706,0.0,0.13226923,0.45173743,0.087783985,690,0,0,1,0.0018715167,0.9981285
0.793231,0.0,0.13926223,0.54233867,0.24570146,691,0,0,1,0.0018715167,0.9981285
0.79460216,0.0,0.11450144,0.07601596,0.041106634,692,0,0,1,0.0018715167,0.9981285
0.80350864,0.0,0.12901676,0.27341422,0.21365762,693,0,0,1,0.0018715167,0.9981285
0.63863146,0.0,0.117585935,0.32630864,0.070828296,694,0,0,1,0.0018715167,0.9981285
0.73947144,0.0,0.12617937,0.40612245,0.18378139,695,0,0,1,0.0018715167,0.9981285
0.5861803,0.0,0.14989507,0.33087164,0.07979549,696,0,0,1,0.0018715167,0.9981285
0.68492466,0.0,0.13821517,0.42677882,0.0731413,697,0,0,1,0.0018715167,0.9981285
0.569964,0.0,0.118249826,0.25075805,0.022255115,698,0,0,1,0.0018715167,0.9981285
0.5958592,0.0,0.16203964,0.39936423,0.19654158,699,0,0,1,0.0018715167,0.9981285
0.62079763,0.0,0.13006537,0.3068395,0.10301201,700,0,0,1,0.0018715167,0.9981285
0.6646129,0.0,0.14007476,0.43969813,0.076270856,701,0,0,1,0.0018715167,0.9981285
0.60621995,0.0,0.12520787,0.30880773,0.008572571,702,0,0,1,0.0018715167,0.9981285
0.60541147,0.0,0.13628297,0.43021512,0.20806685,703,0,0,1,0.0018715167,0.9981285
0.6491506,0.0,0.13848503,0.36993933,0.08138748,704,0,0,1,0.0018715167,0.9981285
0.6819338,0.0,0.12713887,0.39499295,0.05235716,705,0,0,1,0.0018715167,0.9981285
0.60786563,0.0,0.1393958,0.44300193,0.063863985,706,0,0,1,0.0018715167,0.9981285
0.6340408,0.0,0.12603217,0.3236123,0.019508861,707,0,0,1,0.0018715167,0.9981285
0.5574643,0.0,0.13778237,0.44825214,0.04434394,708,0,0,1,0.0018715167,0.9981285
0.7482265,0.0,0.15366709,0.51833165,0.009249918,709,0,0,1,0.0018715167,0.9981285
0.8497187,0.0,0.13262364,0.40555984,0.1584166,710,0,0,1,0.0018715167,0.9981285
0.6958511,0.0,0.128824,0.3440706,0.2260553,711,0,0,1,0.0018715167,0.9981285
0.8050879,0.0,0.12691955,0.32643133,0.12310427,712,0,0,1,0.0018715167,0.9981285
0.64234334,0.0,0.12195459,0.20797403,0.15491948,713,0,0,1,0.0018715167,0.9981285
0.8084358,0.0,0.13679114,0.40767533,0.14617032,714,0,0,1,0.0018715167,0.9981285
0.8356462,0.0,0.12816162,0.21544904,0.19408616,715,0,0,1,0.0018715167,0.9981285
0.6198262,0.0,0.15664282,0.323954,0.0,716,0,0,1,0.0018715167,0.9981285
0.6034754,0.042066284,0.23077974,0.26712173,0.3161988,717,0,0,1,0.0018715167,0.9981285
0.54318064,0.0,0.14727229,0.43679282,0.06368623,718,0,0,1,0.0018715167,0.9981285
0.7597248,0.0,0.12294103,0.2842408,0.08052958,719,0,0,1,0.0018715167,0.9981285
0.59892714,0.0,0.122739166,0.28032964,0.03939774,720,0,0,1,0.0018715167,0.9981285
0.7846214,0.0,0.13121939,0.43114173,0.1654135,721,0,0,1,0.0018715167,0.9981285
0.63649964,0.0,0.14410585,0.30615398,0.056769617,722,0,0,1,0.0018715167,0.9981285
0.5823589,0.0,0.14069115,0.3416299,0.060694836,723,0,0,1,0.0018715167,0.9981285
0.626944,0.0,0.13930313,0.34832352,0.2310428,724,0,0,1,0.0018715167,0.9981285
0.87244993,0.24912131,0.0,0.04736401,0.31956002,725,0,1,0,1.0,0.0
0.73120207,0.0,0.12927377,0.32439786,0.1728985,726,0,0,1,0.0018715167,0.9981285
0.6389599,0.0076334327,0.19068696,0.41883066,0.20331141,727,0,0,1,0.0018715167,0.9981285
0.7717275,0.0,0.14701346,0.34221253,0.17863496,728,0,0,1,0.0018715167,0.9981285
0.86495167,0.2354664,0.0,0.0,0.27876467,729,0,1,0,1.0,0.0
0.7533473,0.05839035,0.53431165,0.6662789,0.16024029,730,0,0,1,0.0018715167,0.9981285
0.66103494,0.016836688,0.4831998,0.6571907,0.16030732,731,0,0,1,0.0018715167,0.9981285
0.88395566,0.25150383,0.0,0.033712074,0.27462518,732,0,1,0,1.0,0.0
0.6540494,0.0,0.13783737,0.41191396,0.17021331,733,0,0,1,0.0018715167,0.9981285
0.7535379,0.0,0.14024298,0.5908833,0.22496033,734,0,0,1,0.0018715167,0.9981285
0.85134727,0.24531668,0.0,0.014933407,0.2905065,735,0,1,0,1.0,0.0
0.7153717,0.0,0.14034535,0.44639894,0.21602297,736,0,0,1,0.0018715167,0.9981285
0.6050552,0.0,0.13375378,0.48919478,0.26704097,737,0,0,1,0.0018715167,0.9981285
0.5647911,0.0,0.13089807,0.42285872,0.09200489,738,0,0,1,0.0018715167,0.9981285
0.6321807,0.0,0.18636054,0.26548484,0.2597728,739,0,0,1,0.0018715167,0.9981285
0.96751034,0.24619512,0.0,0.0,0.3017378,740,0,1,0,1.0,0.0
0.52660125,0.0,0.1416952,0.37971893,0.0,741,0,0,1,0.0018715167,0.9981285
0.6673392,0.0,0.1435944,0.48098916,0.17069551,742,0,0,1,0.0018715167,0.9981285
0.614031,0.0,0.13352485,0.52413195,0.27416602,743,0,0,1,0.0018715167,0.9981285
0.73797345,0.0,0.16540945,0.36480182,0.2215818,744,0,0,1,0.0018715167,0.9981285
0.6093142,0.0,0.12174216,0.23691896,0.06323964,745,0,0,1,0.0018715167,0.9981285
0.6165547,0.0,0.13715933,0.45961115,0.21829468,746,0,0,1,0.0018715167,0.9981285
0.7071105,0.0,0.123890944,0.28208494,0.08131946,747,0,0,1,0.0018715167,0.9981285
0.82737917,0.0,0.12808189,0.27342802,0.2238693,748,0,0,1,0.0018715167,0.9981285
0.52149147,0.0,0.18416095,0.3138996,0.2912057,749,0,0,1,0.0018715167,0.9981285
0.71599317,0.007864416,0.20338121,0.24674022,0.090808816,750,0,0,1,0.0018715167,0.9981285
0.719301,0.0,0.15046686,0.36760065,0.0144208,751,0,0,1,0.0018715167,0.9981285
0.5518096,0.0,0.14237103,0.4243243,0.07872882,752,0,0,1,0.0018715167,0.9981285
0.51610786,0.0,0.1607911,0.37772864,0.037714787,753,0,0,1,0.0018715167,0.9981285
0.75343305,0.0,0.12246774,0.14342144,0.089227565,754,0,0,1,0.0018715167,0.9981285
0.60289454,0.096721165,0.3462728,0.51665103,0.3250853,755,0,0,1,0.0018715167,0.9981285
0.66546714,0.0,0.116416395,0.23599315,0.15784135,756,0,0,1,0.0018715167,0.9981285
0.64571226,0.0,0.14083874,0.44020152,0.07808367,757,0,0,1,0.0018715167,0.9981285
0.6381915,0.0,0.12133891,0.34728423,0.0783977,758,0,0,1,0.0018715167,0.9981285
0.7712238,0.0,0.13053639,0.31941533,0.11650094,759,0,0,1,0.0018715167,0.9981285
0.561529,0.114952125,0.3805144,0.6004597,0.19006506,760,0,0,1,0.0018715167,0.9981285
0.8248483,0.0,0.13155651,0.3720276,0.13735026,761,0,0,1,0.0018715167,0.9981285
0.75493795,0.0,0.1434001,0.39640743,0.24682304,762,0,0,1,0.0018715167,0.9981285
0.9305395,0.24296981,0.0,0.02041711,0.31174567,763,0,1,0,1.0,0.0
0.79623204,0.0,0.12921841,0.43364164,0.11879579,764,0,0,1,0.0018715167,0.9981285
0.6832696,0.046791248,0.25342992,0.3517284,0.18815207,765,0,0,1,0.0018715167,0.9981285
0.6881117,0.0,0.13978037,0.5255772,0.091242485,766,0,0,1,0.0018715167,0.9981285
0.70642525,0.0,0.1429846,0.4978808,0.17418288,767,0,0,1,0.0018715167,0.9981285
0.5436902,0.01841218,0.20171347,0.32240418,0.27910185,768,0,0,1,0.0018715167,0.9981285
0.5772169,0.0,0.12481464,0.33076984,0.06325207,769,0,0,1,0.0018715167,0.9981285
0.5251096,0.0,0.13169803,0.33975455,0.0,770,0,0,1,0.0018715167,0.9981285
0.5119162,0.0,0.16136925,0.42568487,0.10155114,771,0,0,1,0.0018715167,0.9981285
0.57732314,0.0,0.15079069,0.48146722,0.12975548,772,0,0,1,0.0018715167,0.9981285
0.6429838,0.0,0.1313607,0.4140651,0.14621791,773,0,0,1,0.0018715167,0.9981285
0.6944268,0.0,0.13549176,0.30882218,0.075703256,774,0,0,1,0.0018715167,0.9981285
0.7668371,0.0,0.14470263,0.27202427,0.0,775,0,0,1,0.0018715167,0.9981285
0.68641603,0.0,0.13497683,0.34699395,0.19512853,776,0,0,1,0.0018715167,0.9981285
0.55942684,0.025543742,0.21117315,0.27909118,0.26842716,777,0,0,1,0.0018715167,0.9981285
0.8112745,0.0,0.12099803,0.33025372,0.22620538,778,0,0,1,0.0018715167,0.9981285
0.664966,0.0,0.12192905,0.34539437,0.09292097,779,0,0,1,0.0018715167,0.9981285
0.6261685,0.0,0.13681003,0.4789071,0.20731355,780,0,0,1,0.0018715167,0.9981285
0.73223126,0.0,0.13559365,0.41348198,0.2698786,781,0,0,1,0.0018715167,0.9981285
0.5929023,0.0,0.14719409,0.57832557,0.17715472,782,0,0,1,0.0018715167,0.9981285
0.5814308,0.0,0.14412816,0.4678228,0.1265293,783,0,0,1,0.0018715167,0.9981285
0.57119757,0.0,0.13642344,0.4264032,0.09702001,784,0,0,1,0.0018715167,0.9981285
0.65733474,0.0,0.13438314,0.45638904,0.07276427,785,0,0,1,0.0018715167,0.9981285
0.6505669,0.0,0.1421665,0.59590966,0.15043065,786,0,0,1,0.0018715167,0.9981285
0.6181788,0.0,0.15794912,0.43475774,0.26049867,787,0,0,1,0.0018715167,0.9981285
0.57256573,0.0,0.18022579,0.26259652,0.21709433,788,0,0,1,0.0018715167,0.9981285
0.60432345,0.0,0.13626446,0.4365692,0.18426263,789,0,0,1,0.0018715167,0.9981285
0.7657663,0.0,0.12844619,0.33270034,0.15342858,790,0,0,1,0.0018715167,0.9981285
0.9429138,0.24178591,0.0,0.0,0.29961395,791,0,1,0,1.0,0.0
0.728195,0.0,0.14084017,0.47465777,0.04413461,792,0,0,1,0.0018715167,0.9981285
0.6998955,0.0,0.13142338,0.44916642,0.0508646,793,0,0,1,0.0018715167,0.9981285
0.5478007,0.0,0.17068331,0.34295958,0.13912447,794,0,0,1,0.0018715167,0.9981285
0.6579269,0.0,0.13130182,0.3710575,0.21534985,795,0,0,1,0.0018715167,0.9981285
0.7631714,0.0,0.1206742,0.09062328,0.028344013,796,0,1,1,0.0018715167,0.9981285
0.7862298,0.0,0.13716228,0.54965025,0.13496715,797,0,0,1,0.0018715167,0.9981285
0.5874442,0.0,0.1523354,0.43147942,0.021922797,798,0,0,1,0.0018715167,0.9981285
0.5995799,0.0,0.12405132,0.32382792,0.20854574,799,0,0,1,0.0018715167,0.9981285
0.6522179,0.0,0.12677905,0.35694674,0.25464824,800,0,0,1,0.0018715167,0.9981285
0.6443547,0.0,0.1359466,0.44328415,0.08625009,801,0,0,1,0.0018715167,0.9981285
0.78184956,0.0,0.13034293,0.43713656,0.16056767,802,0,0,1,0.0018715167,0.9981285
0.6390903,0.0,0.15427667,0.34334058,0.18725312,803,0,0,1,0.0018715167,0.9981285
0.59860253,0.0,0.1872867,0.22489795,0.030860193,804,0,0,1,0.0018715167,0.9981285
0.59509027,0.0,0.13909787,0.51050836,0.24527296,805,0,0,1,0.0018715167,0.9981285
0.6279514,0.0,0.1454916,0.43106353,0.044679545,806,0,0,1,0.0018715167,0.9981285
0.6890103,0.0,0.118701756,0.25346738,0.07250587,807,0,0,1,0.0018715167,0.9981285
0.6711471,0.0,0.16080254,0.40879756,0.04425832,808,0,0,1,0.0018715167,0.9981285
0.8335812,0.0,0.12669021,0.36054862,0.12682062,809,0,0,1,0.0018715167,0.9981285
0.5553626,0.010103568,0.20189026,0.37543252,0.2447711,810,0,0,1,0.0018715167,0.9981285
0.6005464,0.0,0.1435015,0.38941884,0.0126058385,811,0,0,1,0.0018715167,0.9981285
0.7485271,0.0,0.12806349,0.19890186,0.23853543,812,0,0,1,0.0018715167,0.9981285
0.7419437,0.0,0.14625703,0.6031755,0.09255897,813,0,0,1,0.0018715167,0.9981285
0.63578725,0.0,0.13894114,0.44249824,0.039939217,814,0,0,1,0.0018715167,0.9981285
0.6690821,0.0,0.16180103,0.12735799,0.78763527,815,0,0,1,0.007597772,0.9924022
0.8062234,0.0,0.13200837,0.33323708,0.1883876,816,0,0,1,0.0018715167,0.9981285
0.70843214,0.0,0.13677755,0.5036003,0.27723294,817,0,0,1,0.0018715167,0.9981285
0.666714,0.0,0.13049714,0.45583746,0.2813187,818,0,0,1,0.0018715167,0.9981285
0.60439306,0.0,0.13587895,0.48789102,0.09591145,819,0,0,1,0.0018715167,0.9981285
0.5534487,0.0,0.14421688,0.3911638,0.12048518,820,0,0,1,0.0018715167,0.9981285
0.5616719,0.0,0.14665705,0.30199215,0.12610897,821,0,0,1,0.0018715167,0.9981285
0.6868145,0.0,0.1391327,0.46138996,0.027504347,822,0,0,1,0.0018715167,0.9981285
0.7413926,0.0,0.1277278,0.2553455,0.22883901,823,0,0,1,0.0018715167,0.9981285
0.6493081,0.0,0.116177425,0.24096924,0.011951573,824,0,0,1,0.0018715167,0.9981285
0.68329066,0.0,0.14472619,0.6369403,0.17411795,825,0,0,1,0.0018715167,0.9981285
0.6267911,0.0,0.1352548,0.56864864,0.33334267,826,0,0,1,0.0018715167,0.9981285
0.6094705,0.005190246,0.1854387,0.38280538,0.24995548,827,0,0,1,0.0018715167,0.9981285
0.55646783,0.0,0.15420976,0.3519555,0.040937714,828,0,0,1,0.0018715167,0.9981285
0.79068345,0.0,0.14138995,0.317508,0.10943309,829,0,0,1,0.0018715167,0.9981285
0.82651275,0.0,0.1298237,0.24637899,0.25218096,830,0,0,1,0.0018715167,0.9981285
0.6395993,0.0,0.13249412,0.42167678,0.078647204,831,0,0,1,0.0018715167,0.9981285
0.89794827,0.26305312,0.0,0.13820188,0.30754173,832,0,0,0,1.0,0.0
0.6863659,0.0,0.1527337,0.4180364,0.20078635,833,0,0,1,0.0018715167,0.9981285
0.696914,0.0,0.1300114,0.4292333,0.069366835,834,0,0,1,0.0018715167,0.9981285
0.75936985,0.0,0.112609,0.0020467788,0.18803418,835,0,0,1,0.0018715167,0.9981285
0.4792839,0.0,0.2020373,0.28946498,0.05296319,836,0,0,1,0.0018715167,0.9981285
0.56877834,0.0,0.20455447,0.27661335,0.06536942,837,0,0,1,0.0018715167,0.9981285
0.6863535,0.0,0.13265604,0.46186274,0.2719493,838,0,0,1,0.0018715167,0.9981285
0.73094714,0.0,0.13400118,0.2787263,0.19225712,839,0,0,1,0.0018715167,0.9981285
0.6922355,0.0,0.15084052,0.32944545,0.060923822,840,0,0,1,0.0018715167,0.9981285
0.56318307,0.0,0.18096763,0.3092355,0.18558373,841,0,0,1,0.0018715167,0.9981285
0.6852686,0.0,0.12721562,0.33907336,0.09664924,842,0,0,1,0.0018715167,0.9981285
0.6363429,0.0,0.12723182,0.28331494,0.1794796,843,0,0,1,0.0018715167,0.9981285
0.5350392,0.0,0.12642847,0.2793203,0.023053452,844,0,0,1,0.0018715167,0.9981285
0.6209837,0.0,0.14040644,0.32419416,0.0,845,0,0,1,0.0018715167,0.9981285
0.89581144,0.27611527,0.0,0.14647786,0.30896962,846,0,1,0,1.0,0.0
0.61219424,0.0,0.122265205,0.21736972,0.017719634,847,0,0,1,0.0018715167,0.9981285
0.7669842,0.0,0.1253412,0.31591123,0.12883067,848,0,0,1,0.0018715167,0.9981285
0.6393974,0.0038221627,0.1991664,0.25231025,0.35041666,849,0,0,1,0.0018715167,0.9981285
0.620539,0.0,0.13659185,0.34399,0.00725653,850,0,0,1,0.0018715167,0.9981285
0.5925611,0.0,0.12956634,0.22182506,0.013276532,851,0,0,1,0.0018715167,0.9981285
0.63967085,0.0,0.14127772,0.4452891,0.08139094,852,0,0,1,0.0018715167,0.9981285
0.5820674,0.0,0.14394644,0.42959258,0.028924502,853,0,0,1,0.0018715167,0.9981285
0.65028524,0.0,0.12208687,0.29208615,0.007575117,854,0,0,1,0.0018715167,0.9981285
0.61199576,0.0,0.15121803,0.20888713,0.16584602,855,0,0,1,0.0018715167,0.9981285
0.5813549,0.0,0.11097,0.19651407,0.0,856,0,0,1,0.0018715167,0.9981285
0.7810147,0.24745268,0.0,0.015596762,0.35926557,857,0,1,0,1.0,0.0
0.72099197,0.0,0.13414186,0.27632135,0.20796487,858,0,0,1,0.0018715167,0.9981285
0.77283967,0.0,0.12387581,0.3212509,0.120657824,859,0,0,1,0.0018715167,0.9981285
0.6177788,0.0,0.117729574,0.26861942,0.045487948,860,0,0,1,0.0018715167,0.9981285
0.5713813,0.0,0.16417973,0.29739258,0.25895575,861,0,0,1,0.0018715167,0.9981285
0.6122508,0.0,0.140919,0.21536039,0.0868117,862,0,0,1,0.0018715167,0.9981285
0.59083277,0.014414519,0.16114411,0.21505477,0.12610072,863,0,0,1,0.0018715167,0.9981285
0.7616112,0.0,0.13732187,0.46708354,0.067341946,864,0,0,1,0.0018715167,0.9981285
0.76931894,0.0,0.11948681,0.10139731,0.028323911,865,0,0,1,0.0018715167,0.9981285
0.55911005,0.0,0.14487535,0.22105902,0.0068001896,866,0,0,1,0.0018715167,0.9981285
0.66927844,0.0,0.14973088,0.3209798,0.09291134,867,0,0,1,0.0018715167,0.9981285
0.6036122,0.0,0.14200093,0.33329603,0.08346062,868,0,0,1,0.0018715167,0.9981285
0.5156055,0.0,0.13183793,0.4055999,0.056112744,869,0,0,1,0.0018715167,0.9981285
0.578965,0.0,0.1643917,0.3218377,0.20143217,870,0,0,1,0.0018715167,0.9981285
0.6802217,0.0,0.13965082,0.3235411,0.08316731,871,0,0,1,0.0018715167,0.9981285
0.70675904,0.0,0.1356191,0.32577497,0.051262207,872,0,0,1,0.0018715167,0.9981285
0.7647182,0.0,0.13119175,0.3099379,0.25366467,873,0,0,1,0.0018715167,0.9981285
0.74142224,0.0,0.12656796,0.36486486,0.04203523,874,0,0,1,0.0018715167,0.9981285
0.88811964,0.0,0.12686302,0.30216953,0.26939696,875,0,0,1,0.0018715167,0.9981285
0.8726195,0.25835255,0.0,0.14002426,0.39101171,876,0,1,0,1.0,0.0
0.8372081,0.0,0.12429726,0.32231745,0.119325064,877,0,0,1,0.0018715167,0.9981285
0.74280965,0.0,0.13405296,0.40581098,0.15758944,878,0,0,1,0.0018715167,0.9981285
0.7945784,0.0,0.14376502,0.47540572,0.016621001,879,0,0,1,0.0018715167,0.9981285
0.57776225,0.0,0.15572211,0.5323665,0.084249355,880,0,0,1,0.0018715167,0.9981285
0.7420486,0.0,0.12802273,0.41426873,0.17617376,881,0,0,1,0.0018715167,0.9981285
0.6236383,0.0,0.12032682,0.20973474,0.0,882,0,0,1,0.0018715167,0.9981285
0.74367696,0.0,0.13590133,0.30285394,0.032744296,883,0,0,1,0.0018715167,0.9981285
0.7433502,0.0,0.12638687,0.3298513,0.07899865,884,0,0,1,0.0018715167,0.9981285
0.65805006,0.0,0.13117565,0.30409738,0.18080002,885,0,0,1,0.0018715167,0.9981285
0.6823188,0.0,0.121645704,0.34595698,0.17939368,886,0,0,1,0.0018715167,0.9981285
0.63076794,0.0,0.12513517,0.32642594,0.108431496,887,0,0,1,0.0018715167,0.9981285
0.6092815,0.0,0.15481034,0.23717332,0.054585032,888,0,0,1,0.0018715167,0.9981285
0.6994456,0.0,0.12837423,0.31669426,0.27048874,889,0,0,1,0.0018715167,0.9981285
0.90730906,0.24790633,0.0,0.020556033,0.36318302,890,0,0,0,1.0,0.0
0.5613318,0.0,0.13796161,0.5210043,0.097928785,891,0,0,1,0.0018715167,0.9981285
0.6594451,0.0,0.13449676,0.45235,0.28497744,892,0,0,1,0.0018715167,0.9981285
0.7836334,0.0,0.14277303,0.50084066,0.009573221,893,0,0,1,0.0018715167,0.9981285
0.58815,0.0,0.12454115,0.34978423,0.21299747,894,0,0,1,0.0018715167,0.9981285
0.6045384,0.0,0.12854144,0.43501183,0.26989537,895,0,0,1,0.0018715167,0.9981285
0.78662735,0.0,0.13105306,0.28068396,0.11526769,896,0,0,1,0.0018715167,0.9981285
0.6098442,0.0011710674,0.18508759,0.33027628,0.20881741,897,0,0,1,0.0018715167,0.9981285
0.6973719,0.0,0.14648037,0.38825533,0.037877135,898,0,0,1,0.0018715167,0.9981285
0.6078193,0.0,0.11283909,0.17963678,0.0,899,0,0,1,0.0018715167,0.9981285
0.6480767,0.0,0.12829673,0.39466673,0.07945617,900,0,0,1,0.0018715167,0.9981285
0.8619934,0.0,0.12641488,0.29270923,0.1869891,901,0,0,1,0.0018715167,0.9981285
0.72725207,0.0,0.12099803,0.112631,0.04520639,902,0,0,1,0.0018715167,0.9981285
0.6292137,0.0,0.122874364,0.25926155,0.024460778,903,0,0,1,0.0018715167,0.9981285
0.6559327,0.0,0.1307719,0.35392368,0.23021835,904,0,0,1,0.0018715167,0.9981285
0.5414734,0.0,0.14817512,0.47339302,0.028140418,905,0,0,1,0.0018715167,0.9981285
0.72391254,0.0,0.13490127,0.3153337,0.2422382,906,0,0,1,0.0018715167,0.9981285
0.5953964,0.0,0.09029835,0.32597905,0.3581475,907,0,0,1,0.0018715167,0.9981285
0.6789653,0.0,0.13054259,0.41991755,0.103609376,908,0,0,1,0.0018715167,0.9981285
0.8111679,0.0,0.1381612,0.5414782,0.15931772,909,0,0,1,0.0018715167,0.9981285
0.6736678,0.0,0.14412898,0.42430857,0.0140178725,910,0,0,1,0.0018715167,0.9981285
0.7076262,0.0,0.14820004,0.32597905,0.0,911,0,0,1,0.0018715167,0.9981285
0.5531766,0.0,0.1319687,0.34203655,0.085422836,912,0,0,1,0.0018715167,0.9981285
0.58324754,0.0,0.15215643,0.34925777,0.20730767,913,0,0,1,0.0018715167,0.9981285
0.79615134,0.0,0.13275626,0.45431408,0.13890928,914,0,0,1,0.0018715167,0.9981285
0.5305541,0.0,0.1348581,0.39096525,0.03631521,915,0,0,1,0.0018715167,0.9981285
0.78570926,0.0,0.1293441,0.36117435,0.23951653,916,0,0,1,0.0018715167,0.9981285
0.591862,0.0,0.13651805,0.38793093,0.091057636,917,0,0,1,0.0018715167,0.9981285
0.7350166,0.0,0.1285441,0.34469017,0.17210823,918,0,0,1,0.0018715167,0.9981285
0.5752331,0.0,0.17144093,0.34062448,0.19051382,919,0,0,1,0.0018715167,0.9981285
0.52824664,0.02037616,0.18986657,0.28257033,0.08841302,920,0,0,1,0.0018715167,0.9981285
0.8559345,0.0,0.13668595,0.37824968,0.17352939,921,0,0,1,0.0018715167,0.9981285
0.6296505,0.0,0.14677516,0.26311088,0.0,922,0,0,1,0.0018715167,0.9981285
0.59074163,0.0,0.16866629,0.28850526,0.2482307,923,0,0,1,0.0018715167,0.9981285
0.2,0.0,0.09029835,0.32597905,0.0,924,0,0,1,0.0018715167,0.9981285
0.6999871,0.0,0.13170612,0.28195256,0.051731043,925,0,1,1,0.0018715167,0.9981285
0.7052856,0.0,0.12666512,0.4377275,0.099151544,926,0,0,1,0.0018715167,0.9981285
0.5751399,0.0,0.13156709,0.41705447,0.066678904,927,0,0,1,0.0018715167,0.9981285
0.6931515,0.0,0.13459903,0.34583563,0.11402743,928,0,0,1,0.0018715167,0.9981285
0.5862819,0.0,0.1378656,0.39767668,0.058862142,929,0,0,1,0.0018715167,0.9981285
0.6761152,0.0,0.13022728,0.3295091,0.174847,930,0,0,1,0.0018715167,0.9981285
0.63491267,0.0,0.12713943,0.37974823,0.066899545,931,0,0,1,0.0018715167,0.9981285
0.57239723,0.0,0.13908088,0.36166576,0.045282044,932,0,0,1,0.0018715167,0.9981285
0.7470034,0.0,0.12442142,0.2638169,0.053400464,933,0,0,1,0.0018715167,0.9981285
0.59583294,0.0,0.12355786,0.35424316,0.050961368,934,0,0,1,0.0018715167,0.9981285
0.82584673,0.0,0.12865227,0.22351202,0.2671336,935,0,0,1,0.0018715167,0.9981285
0.6356822,0.0,0.15077145,0.35041913,0.1117023,936,0,0,1,0.0018715167,0.9981285
0.5929999,0.0,0.1535253,0.28029048,0.1881752,937,0,0,1,0.0018715167,0.9981285
0.6804301,0.0,0.13609889,0.5225622,0.25495228,938,0,0,1,0.0018715167,0.9981285
0.77244407,0.0,0.12164177,0.28197664,0.06318543,939,0,0,1,0.0018715167,0.9981285
0.7570018,0.0,0.123759136,0.42580485,0.1667,940,0,0,1,0.0018715167,0.9981285
0.5980169,0.0,0.13494778,0.4095846,0.09382332,941,0,0,1,0.0018715167,0.9981285
0.6140811,0.0,0.121970534,0.35075966,0.121684946,942,0,0,1,0.0018715167,0.9981285
0.52180505,0.0,0.13217466,0.3783858,0.06503949,943,0,0,1,0.0018715167,0.9981285
0.6922344,0.0,0.12659152,0.23265809,0.18732975,944,0,0,1,0.0018715167,0.9981285
0.5724375,0.0,0.12817219,0.3289363,0.06265878,945,0,0,1,0.0018715167,0.9981285
0.8410096,0.0,0.1255557,0.18463567,0.21870369,946,0,0,1,0.0018715167,0.9981285
0.5355155,0.006383091,0.18625748,0.39213648,0.19286434,947,0,0,1,0.0018715167,0.9981285
0.70620626,0.0,0.16633469,0.24180916,0.02396939,948,0,0,1,0.0018715167,0.9981285
0.74668115,0.0,0.1293473,0.40671238,0.14573854,949,0,0,1,0.0018715167,0.9981285
0.6203744,0.0,0.115399316,0.22420666,0.0,950,0,0,1,0.0018715167,0.9981285
0.5817045,0.0,0.1267011,0.38366428,0.2546198,951,0,0,1,0.0018715167,0.9981285
0.86075026,0.0,0.12974153,0.3222835,0.17560348,952,0,0,1,0.0018715167,0.9981285
0.54949826,0.0,0.12761948,0.32165796,0.01842761,953,0,0,1,0.0018715167,0.9981285
0.69237214,0.0,0.1399099,0.43349805,0.032592647,954,0,0,1,0.0018715167,0.9981285
0.911136,0.2537501,0.0,0.06637089,0.3362221,955,0,1,0,1.0,0.0
0.667434,0.0,0.13654202,0.3146718,0.18129319,956,0,0,1,0.0018715167,0.9981285
0.67109025,0.0,0.11847933,0.3683949,0.22965634,957,0,0,1,0.0018715167,0.9981285
0.57341504,0.0,0.19042291,0.32566506,0.22664523,958,0,0,1,0.0018715167,0.9981285
0.65587443,0.0,0.13438854,0.2700386,0.07809725,959,0,0,1,0.0018715167,0.9981285
0.7409548,0.0,0.14203602,0.45463416,0.032510944,960,0,0,1,0.0018715167,0.9981285
0.6441608,0.0,0.11887323,0.27893576,0.0,961,0,0,1,0.0018715167,0.9981285
0.64876384,0.0,0.14617607,0.34026477,0.015474044,962,0,0,1,0.0018715167,0.9981285
0.5764259,0.024968386,0.20463954,0.3315499,0.23691842,963,0,0,1,0.0018715167,0.9981285
0.6484088,0.0,0.12247841,0.27745646,0.05259543,964,0,0,1,0.0018715167,0.9981285
0.59437835,0.0,0.14155889,0.56360936,0.2257874,965,0,0,1,0.0018715167,0.9981285
0.5651603,0.0,0.12944853,0.42864233,0.07555752,966,0,0,1,0.0018715167,0.9981285
0.69067913,0.0,0.13082097,0.37027025,0.2487936,967,0,0,1,0.0018715167,0.9981285
