family,trial,objective,selection_bacc,selection_kappa,dataset_bacc,dataset_kappa,model_bacc,model_kappa,state,top_k,variance_threshold,corr_threshold,resampler,n_estimators,max_depth,learning_rate,subsample,colsample_bytree,min_child_weight,reg_alpha,reg_lambda,iterations,depth,l2_leaf_reg,random_strength,bagging_temperature,min_samples_split,min_samples_leaf,max_features,hidden_layer_sizes,alpha,learning_rate_init,activation
xgb,0,0.5275200573671498,0.5270833333333333,0.4367240338164251,0.4606481481481481,0.39891304347826084,0.650462962962963,0.5069444444444444,TrialState.COMPLETE,35,1e-06,1.0,ros,200.0,8.0,0.31053057074593404,0.8995456309427042,0.7359414447833358,4.32730921522027,8.789032631440339e-06,3.601352926184937e-06,,,,,,,,,,,,
xgb,1,0.49339842008043394,0.49301697530864197,0.381444771791994,0.4182098765432099,0.32882528993640103,0.6319444444444444,0.47916666666666663,TrialState.COMPLETE,35,0.0001,0.98,ros,240.0,2.0,0.028527677247824894,0.558365527961195,0.6003377083268815,5.421595915020138,3.8633398827705093e-07,3.5513789557868125,,,,,,,,,,,,
xgb,2,0.5148678266460905,0.5144675925925926,0.4002340534979424,0.4212962962962963,0.3128600823045268,0.6875,0.5625,TrialState.COMPLETE,50,0.0001,0.9,ros,320.0,2.0,0.20085844667726874,0.8410916236236468,0.865465495819242,6.072619022107265,0.004807824327405618,6.797552758920795,,,,,,,,,,,,
xgb,3,0.5075420136550692,0.5071373456790124,0.404667976056865,0.42746913580246915,0.3458567153011598,0.6550925925925926,0.5138888888888888,TrialState.COMPLETE,35,1e-06,0.9,none,320.0,4.0,0.31019550592246603,0.8148790694227561,0.9070492186321654,4.340275599951896,1.1639676626389548e-08,0.019111305209769183,,,,,,,,,,,,
xgb,4,0.5132661026936027,0.5128472222222222,0.41888047138047135,0.4212962962962963,0.34528619528619525,0.6828703703703703,0.5555555555555556,TrialState.COMPLETE,12,1e-06,0.95,smote,760.0,4.0,0.1731540271491177,0.6294521146386832,0.9692100521424131,6.813949089854432,4.808649874010908e-06,5.259469039381371e-06,,,,,,,,,,,,
xgb,5,0.5408160935746353,0.5403935185185186,0.4225750561167228,0.48611111111111116,0.3846240179573513,0.6412037037037037,0.4930555555555556,TrialState.COMPLETE,20,0.0001,1.0,ros,640.0,6.0,0.2420789368190676,0.6944789466820843,0.7685400861791829,7.572519331580936,0.0008945278861426743,0.43434946735744845,,,,,,,,,,,,
xgb,6,0.4969973558227191,0.49660493827160496,0.39241755111412013,0.4112654320987654,0.32700990769693694,0.6550925925925927,0.5138888888888888,TrialState.COMPLETE,none,0.0001,0.98,smote,400.0,6.0,0.14624740869062314,0.5943664706580802,0.9625108201263086,4.543065638734198,4.9975618218547754e-05,6.1411523698507185e-06,,,,,,,,,,,,
xgb,7,0.5268018220100762,0.5263888888888889,0.41293312118727243,0.47453703703703703,0.38474753686930807,0.6226851851851852,0.4652777777777778,TrialState.COMPLETE,none,1e-10,0.9,smoteenn,200.0,8.0,0.2135491988831939,0.9521880984894948,0.8691578652851152,0.803675999378775,1.032192836113131e-08,0.29709847861646144,,,,,,,,,,,,
xgb,8,0.49058942962189533,0.4902006172839506,0.38881233794475456,0.39891975308641975,0.3177241096585967,0.6597222222222222,0.5208333333333334,TrialState.COMPLETE,50,1e-06,0.95,ros,200.0,5.0,0.12852265368100857,0.5977408891488816,0.6235827912454435,7.592993805483079,2.652729905944304e-07,1.8182053672681027,,,,,,,,,,,,
xgb,9,0.502762279335069,0.5023533950617284,0.4088842733405931,0.4151234567901234,0.34486469402826286,0.6643518518518519,0.5277777777777778,TrialState.COMPLETE,50,1e-10,1.0,ros,480.0,7.0,0.0804644523406661,0.5883450981450007,0.9914914173286167,7.966304303860769,0.00015588936746670372,0.007772866708439465,,,,,,,,,,,,
xgb,10,0.4478924711101171,0.44756944444444446,0.32302666567260613,0.3981481481481482,0.31373760530828293,0.5393518518518519,0.3402777777777778,TrialState.COMPLETE,20,0.0,1.0,smoteenn,640.0,6.0,0.06541168743213051,0.6807762236576296,0.7297895962443428,2.2834698316411934,1.8569868969028371,0.00024051408347271411,,,,,,,,,,,,
xgb,11,0.5400566510007482,0.5396219135802469,0.4347374205013094,0.4799382716049383,0.39585671530115984,0.6504629629629629,0.5069444444444444,TrialState.COMPLETE,20,0.0,1.0,ros,80.0,8.0,0.34866100110704973,0.7230457619225475,0.7475470452723441,2.7364563903757926,0.004951425701762008,0.00021607437199909398,,,,,,,,,,,,
xgb,12,0.5589881457496109,0.5585262345679013,0.4619111817095688,0.5015432098765432,0.4264445530574563,0.6643518518518519,0.5277777777777778,TrialState.COMPLETE,20,0.0,1.0,none,80.0,7.0,0.29472103591081955,0.724190881191361,0.8057535918740847,2.6850492056766235,0.009636288101710085,0.0004667142340496221,,,,,,,,,,,,
xgb,13,0.5452975437242799,0.5448688271604939,0.4287165637860082,0.4830246913580247,0.3791152263374486,0.6597222222222222,0.5208333333333333,TrialState.COMPLETE,20,0.0,1.0,none,560.0,6.0,0.034544012321852405,0.7530686433249298,0.8032738588207123,2.972393127275853,0.015294968254867144,0.10167343196784993,,,,,,,,,,,,
xgb,14,0.5344070113168725,0.5339891975308643,0.4178137860082304,0.4737654320987655,0.37355967078189295,0.6458333333333334,0.5,TrialState.COMPLETE,20,0.0,1.0,none,560.0,7.0,0.020322697602745413,0.7662583074847316,0.8342065770741512,2.4734311533330997,0.25526374860565326,0.00044137557712717107,,,,,,,,,,,,
xgb,15,0.48659126949431825,0.48618827160493827,0.4029978893799969,0.3927469135802469,0.33954803494358504,0.6597222222222222,0.5208333333333334,TrialState.COMPLETE,20,0.0,1.0,none,80.0,5.0,0.03995697080170851,0.7692356430004201,0.674544865034761,1.2825158416950064,0.11726424427502775,0.02411786780496781,,,,,,,,,,,,
xgb,16,0.5275964711934157,0.5271990740740741,0.39739711934156374,0.4583333333333333,0.33467078189300414,0.6550925925925927,0.5138888888888888,TrialState.COMPLETE,12,0.0,1.0,none,800.0,7.0,0.05135094347276182,0.8595705017010966,0.8094776433444113,3.3123880822201954,0.03394260371787679,0.0017003528274440983,,,,,,,,,,,,
xgb,17,0.5211622031909189,0.5207561728395061,0.406030351412768,0.43595679012345684,0.32925609619058316,0.6782407407407407,0.5486111111111112,TrialState.COMPLETE,20,0.0,0.95,none,520.0,5.0,0.10075786631330085,0.6596952626618201,0.6700044069031589,3.4084822040998883,0.010291397433696,4.986521822204173e-05,,,,,,,,,,,,
xgb,18,0.5390478758878168,0.5386188271604938,0.429048727322981,0.478395061728395,0.38710487964219303,0.650462962962963,0.5069444444444444,TrialState.COMPLETE,20,0.0,0.98,none,640.0,4.0,0.03623662001943166,0.7479500971213461,0.5533721160557765,1.6038715303928273,0.0008203900465743322,0.09564260916854397,,,,,,,,,,,,
xgb,19,0.5075491872427984,0.5071373456790124,0.41184156378600817,0.42746913580246915,0.3568930041152263,0.6550925925925926,0.5138888888888888,TrialState.COMPLETE,20,0.0,1.0,none,360.0,7.0,0.020801593719096248,0.9935058334440593,0.8095617246653481,3.47432687097439,1.5104395755340092,0.00257026324221771,,,,,,,,,,,,
xgb,20,0.5026473948037725,0.5022376543209877,0.40974048278483766,0.41743827160493824,0.3499212555664169,0.6597222222222222,0.5208333333333333,TrialState.COMPLETE,none,1e-10,1.0,none,720.0,3.0,0.05868164682358985,0.8083306591104614,0.9177464814687839,5.164339396310422,0.0007095240703544963,0.08038003666591961,,,,,,,,,,,,
xgb,21,0.47119194388446006,0.47087191358024694,0.32003030421312373,0.4290123456790123,0.3016491859689083,0.5486111111111112,0.35416666666666663,TrialState.COMPLETE,20,0.0001,1.0,smoteenn,600.0,6.0,0.2648808277634203,0.6926220888582811,0.7789104402568889,2.0394556818805576,0.000878763774345145,0.5439625687899496,,,,,,,,,,,,
xgb,22,0.5394419909363869,0.5390046296296297,0.4373613067572197,0.48148148148148157,0.4036327796264918,0.6458333333333334,0.5,TrialState.COMPLETE,20,0.0001,1.0,smote,440.0,6.0,0.23924637346194522,0.7271813835413203,0.6894589285095488,3.30829580228318,0.05542186210044316,0.5052338957592241,,,,,,,,,,,,
xgb,23,0.5557331425364759,0.5552854938271605,0.447648709315376,0.5015432098765432,0.41198092031425365,0.6550925925925926,0.5138888888888888,TrialState.COMPLETE,20,0.0001,1.0,none,680.0,6.0,0.11174925371301424,0.7113068252331992,0.7869190174376643,6.600162016071868,0.013530686995144857,4.7401534940842615e-05,,,,,,,,,,,,
xgb,24,0.5642343490460158,0.5637731481481482,0.46120089786756446,0.5046296296296297,0.41787317620650954,0.6736111111111112,0.5416666666666666,TrialState.COMPLETE,12,0.0,1.0,none,680.0,7.0,0.1007337945453384,0.6492700782471901,0.8401847623527359,6.305889169164972,0.3418923959498478,5.297371012115398e-05,,,,,,,,,,,,
xgb,25,0.5602220823980547,0.5597608024691358,0.46127992891881775,0.49845679012345673,0.4179947624392069,0.6736111111111112,0.5416666666666666,TrialState.COMPLETE,12,0.0,1.0,none,720.0,7.0,0.10129589100735725,0.6480162152572498,0.8549049371475138,6.577548252977739,0.20131800771936853,2.8568153634626486e-05,,,,,,,,,,,,
xgb,26,0.5697944079685745,0.5693287037037036,0.46570426487093153,0.523148148148148,0.43975869809203144,0.6550925925925927,0.5138888888888888,TrialState.COMPLETE,12,0.0,0.98,none,800.0,8.0,0.08147607286318125,0.6519469358629878,0.8584527211825286,5.7963026307610805,0.36494321232032745,4.003743496727363e-05,,,,,,,,,,,,
xgb,27,0.5517281285072952,0.5512731481481482,0.45498035914702584,0.4953703703703704,0.423260381593715,0.6550925925925927,0.5138888888888888,TrialState.COMPLETE,12,0.0,0.98,none,800.0,8.0,0.08476417019539992,0.6408044890125305,0.8953641653130088,5.713965630279028,0.3576413112270071,2.335278298149333e-05,,,,,,,,,,,,
xgb,28,0.5617626038159372,0.5613040123456791,0.45859147025813696,0.5108024691358025,0.4288159371492705,0.6550925925925927,0.5138888888888888,TrialState.COMPLETE,12,0.0,0.98,none,720.0,8.0,0.07901221372486021,0.6270387695827905,0.848063034330951,6.638850244189846,0.5213314675673919,1.5392284365304312e-05,,,,,,,,,,,,
xgb,29,0.558903930274972,0.5584490740740741,0.4548562008978676,0.5138888888888888,0.434287317620651,0.6412037037037037,0.4930555555555555,TrialState.COMPLETE,12,0.0,0.98,none,720.0,8.0,0.07504365564221313,0.5532139768743477,0.9363865567164196,4.996108421213125,0.6109050004455061,1.199614808040627e-06,,,,,,,,,,,,
xgb,30,0.5351870329957954,0.5347608024691358,0.4262305266596311,0.4799382716049383,0.39398713503191113,0.6365740740740741,0.4861111111111111,TrialState.COMPLETE,12,0.0,0.98,smote,800.0,8.0,0.04761137497280125,0.6126132165230058,0.8373195193000913,6.093931872800369,0.0688819896968451,1.024485102442584e-06,,,,,,,,,,,,
xgb,31,0.5548702462121212,0.5544367283950618,0.4335178170594837,0.5077160493827161,0.4014590347923681,0.6412037037037037,0.4930555555555556,TrialState.COMPLETE,12,0.0,0.98,none,720.0,7.0,0.1069095806296113,0.6594925528423281,0.8610644622317359,6.729435057815717,0.20124134028541957,1.7100526803634084e-05,,,,,,,,,,,,
xgb,32,0.5665416933221098,0.5660879629629628,0.45373035914702586,0.523148148148148,0.4288159371492705,0.6458333333333333,0.5,TrialState.COMPLETE,12,0.0,0.98,none,760.0,8.0,0.09097938613726117,0.6562683041927441,0.8766987588165516,7.033803971064892,0.7282528843740043,5.7735096063389904e-05,,,,,,,,,,,,
xgb,33,0.5645389097641678,0.5640817901234567,0.45711964071108613,0.5200617283950617,0.4340302164785941,0.6458333333333333,0.5,TrialState.COMPLETE,12,0.0,0.98,none,760.0,8.0,0.06521669045070852,0.5794891508820422,0.886327670092802,7.1514611600301174,0.7393349623474941,6.882386452962758e-05,,,,,,,,,,,,
xgb,34,0.5232319759472839,0.522800925925926,0.4310500213578572,0.4490740740740741,0.3827051610633701,0.6597222222222222,0.5208333333333334,TrialState.COMPLETE,12,1e-06,0.98,none,760.0,8.0,0.14695302280932804,0.5649232569118104,0.8834521856108752,7.293429769826066,1.8861662019662842,0.00011110397387239891,,,,,,,,,,,,
xgb,35,0.46686485337435446,0.46651234567901234,0.35250769534210497,0.3973765432098766,0.3142212406972555,0.5949074074074073,0.4236111111111111,TrialState.COMPLETE,35,0.0,0.98,smoteenn,760.0,8.0,0.06378149251678975,0.5769522224430051,0.939134584639337,6.020547936459199,0.7314662529594069,9.492696471113565e-05,,,,,,,,,,,,
xgb,36,0.5778536602132435,0.5773533950617283,0.5002651515151515,0.5354938271604938,0.49292929292929294,0.6550925925925926,0.5138888888888888,TrialState.COMPLETE,12,1e-10,0.9,none,680.0,8.0,0.09395525715379176,0.6103957168378014,0.9152582921589815,7.20442692947586,0.03494110453065373,0.0011190148496730329,,,,,,,,,,,,
xgb,37,0.5774595096801346,0.5769675925925926,0.49191708754208746,0.5324074074074074,0.4763468013468013,0.6597222222222221,0.5208333333333333,TrialState.COMPLETE,12,1e-10,0.9,none,800.0,8.0,0.0901938975492986,0.6132347013373021,0.9262122305325555,7.159297876508761,0.03877643217329727,0.0012243524044032563,,,,,,,,,,,,
xgb,38,0.5312436099420128,0.5308256172839507,0.4179926580621025,0.46141975308641986,0.3626169098391321,0.6597222222222222,0.5208333333333333,TrialState.COMPLETE,35,1e-10,0.9,smote,800.0,3.0,0.17237510525864008,0.6173600364218754,0.9174245981056433,7.955522730827919,0.0029049874788141827,0.0011008632698756733,,,,,,,,,,,,
xgb,39,0.5610020669659559,0.5605324074074074,0.46965955854844743,0.5046296296296297,0.43836513280957723,0.6643518518518517,0.5277777777777778,TrialState.COMPLETE,12,1e-10,0.9,none,680.0,8.0,0.13892595987863618,0.6751849705395409,0.967695060610364,7.091423416196763,1.244754780463046e-05,0.0063060174812054545,,,,,,,,,,,,
catboost,0,0.48090439229798493,0.48051697530864196,0.3874169893429874,0.4089506172839506,0.35297058189519426,0.6134259259259259,0.4513888888888889,TrialState.COMPLETE,none,1e-06,1.0,smoteenn,,,0.021385608731083514,,,,,,120.0,7.0,4.284875442181849,2.8446199026002668,2.8470488989717344,,,,,,,
catboost,1,0.46949867110110766,0.4691358024691358,0.3628686319718928,0.3665123456790123,0.2778107158541941,0.6597222222222222,0.5208333333333333,TrialState.COMPLETE,20,1e-10,0.95,none,,,0.08940426613543132,,,,,,360.0,5.0,4.027302563108012,2.517975197824423,0.2593279995508533,,,,,,,
catboost,2,0.47782060656164826,0.4774305555555556,0.39005100609267274,0.3842592592592593,0.3271083854417188,0.6504629629629629,0.5069444444444444,TrialState.COMPLETE,12,1e-10,0.9,smoteenn,,,0.2693289837004383,,,,,,520.0,7.0,1.240313840218524,3.016001263457783,2.58771970526533,,,,,,,
catboost,3,0.48392353234728236,0.4835262345679012,0.39729777938111266,0.38117283950617287,0.3195606862273529,0.6736111111111112,0.5416666666666666,TrialState.COMPLETE,none,0.0,0.98,smote,,,0.03724070431554687,,,,,,120.0,6.0,9.533448533071304,2.981785045240606,1.4152322707466012,,,,,,,
catboost,4,0.41993732764149433,0.41963734567901234,0.2999819624819625,0.29783950617283944,0.1922799422799423,0.6458333333333334,0.5,TrialState.COMPLETE,none,0.0001,1.0,smote,,,0.21311436515135584,,,,,,640.0,5.0,9.559015521841536,2.088818177930332,1.1650524916061724,,,,,,,
catboost,5,0.4701185691755364,0.4697530864197531,0.36548275578328415,0.36496913580246915,0.27809312855547996,0.6643518518518519,0.5277777777777778,TrialState.COMPLETE,12,1e-06,0.9,ros,,,0.028664807610274626,,,,,,320.0,2.0,3.7390635445431357,2.3778104807388623,1.3750094289899044,,,,,,,
catboost,6,0.46863312343162156,0.4682484567901235,0.38466664149803687,0.3626543209876543,0.30760679888586867,0.6643518518518519,0.5277777777777778,TrialState.COMPLETE,35,1e-10,0.98,smoteenn,,,0.14120621046183085,,,,,,400.0,6.0,3.021906896108362,3.2792884029775795,0.7318759524148098,,,,,,,
catboost,7,0.47217612727446057,0.4717978395061728,0.37828776828776833,0.37808641975308643,0.31275041275041277,0.6458333333333334,0.5,TrialState.COMPLETE,12,1e-10,1.0,smoteenn,,,0.048478578258396125,,,,,,600.0,4.0,3.3771771379649937,1.1987122104655152,2.302333995953303,,,,,,,
catboost,8,0.50086101912358,0.5004629629629629,0.3980561606171973,0.40972222222222215,0.3244667428298762,0.6689814814814814,0.5347222222222222,TrialState.COMPLETE,12,0.0,0.98,smote,,,0.2816258904367837,,,,,,600.0,2.0,1.9729367663035344,2.4260671922677792,2.723368650266928,,,,,,,
catboost,9,0.46614493600619245,0.4657793209876543,0.36561501853817036,0.36882716049382713,0.2932538746741082,0.6458333333333334,0.5,TrialState.COMPLETE,12,1e-10,1.0,none,,,0.02177657408758402,,,,,,520.0,6.0,7.781117868344216,3.20474863167107,0.18391614675534151,,,,,,,
catboost,10,0.4501279426290337,0.4497685185185185,0.3594241105152082,0.3541666666666667,0.29868666574989294,0.6273148148148148,0.4722222222222222,TrialState.COMPLETE,50,0.0,0.98,smote,,,0.34547486302354674,,,,,,680.0,2.0,1.3262862694641346,0.08222598221522559,2.05228013820162,,,,,,,
catboost,11,0.4987588952920175,0.49834104938271606,0.4178459093014443,0.4089506172839506,0.3586518262757263,0.6643518518518519,0.5277777777777778,TrialState.COMPLETE,none,0.0,0.98,smote,,,0.043965652179134174,,,,,,80.0,3.0,18.68239199877781,3.961216239515624,1.8486852820345043,,,,,,,
catboost,12,0.4484434473204265,0.4481095679012346,0.33387941919191916,0.34413580246913583,0.24816919191919187,0.6412037037037036,0.4930555555555556,TrialState.COMPLETE,20,0.0,0.98,smote,,,0.06321855621487298,,,,,,240.0,3.0,16.610121577980852,3.8604656280076792,1.8726774901158019,,,,,,,
catboost,13,0.4620503962874357,0.46168981481481475,0.3605814726209463,0.34259259259259256,0.255595427963849,0.6828703703703703,0.5555555555555556,TrialState.COMPLETE,50,0.0,0.98,smote,,,0.10904341345144496,,,,,,240.0,3.0,2.023646102475201,1.4291171207961755,2.9627198738507134,,,,,,,
catboost,14,0.4584583501158098,0.4581018518518518,0.3564982639580208,0.34953703703703703,0.26801014967900644,0.6597222222222222,0.5208333333333333,TrialState.COMPLETE,35,0.0,0.95,ros,,,0.16883687554757582,,,,,,520.0,3.0,19.349920298103438,3.7962561276645252,1.9857661280568184,,,,,,,
catboost,15,0.4434330208148739,0.44309413580246915,0.3388850124047492,0.33641975308641975,0.2558701045543151,0.6412037037037037,0.4930555555555556,TrialState.COMPLETE,none,0.0001,0.98,smote,,,0.05880655768959619,,,,,,440.0,2.0,2.0184967592515615,1.176764318312108,2.479959521577623,,,,,,,
catboost,16,0.5106064929555446,0.5101466049382716,0.4598880172730371,0.43209876543209874,0.4308106248645014,0.6550925925925926,0.513888888888889,TrialState.COMPLETE,none,0.0,0.98,smote,,,0.03934035626709924,,,,,,80.0,4.0,6.551772133277646,0.415082539142841,0.926769561898617,,,,,,,
catboost,17,0.45400982005512636,0.45366512345679005,0.3446965983363043,0.36265432098765427,0.2797682709447416,0.6226851851851851,0.4652777777777778,TrialState.COMPLETE,12,0.0,0.98,smote,,,0.08409683872868937,,,,,,240.0,4.0,6.2930710986017555,0.7692342443707256,0.7321857909256966,,,,,,,
catboost,18,0.4817535176405333,0.4813657407407407,0.3877768997926283,0.3703703703703703,0.29369523045019735,0.6875,0.5625,TrialState.COMPLETE,50,0.0,0.95,none,,,0.0318981437454678,,,,,,600.0,8.0,2.20978382065747,0.0695181974386827,1.0253414923424535,,,,,,,
catboost,19,0.443928010609637,0.44359567901234565,0.3323315972913541,0.3371913580246913,0.24578792745678416,0.6412037037037037,0.4930555555555555,TrialState.COMPLETE,35,1e-06,0.9,ros,,,0.14896509923012513,,,,,,440.0,4.0,5.442728504496395,1.6501939839411746,0.6668535066434007,,,,,,,
catboost,20,0.46460126471674024,0.46423611111111107,0.365153605629167,0.35648148148148145,0.277586743702992,0.6643518518518519,0.5277777777777778,TrialState.COMPLETE,20,0.0001,0.98,smote,,,0.0653982881914594,,,,,,160.0,4.0,13.110500914364197,0.5952720817811807,1.5949116001660084,,,,,,,
catboost,21,0.5124358285670804,0.5119984567901235,0.43737177695693186,0.42746913580246915,0.38495230642946776,0.6689814814814815,0.5347222222222222,TrialState.COMPLETE,none,0.0,0.98,smote,,,0.04286390408773995,,,,,,80.0,3.0,12.700992242780483,1.8621852163410484,1.692154109322844,,,,,,,
catboost,22,0.4645878336514753,0.46423611111111107,0.35172254036427264,0.35648148148148145,0.2569235663723853,0.6643518518518519,0.5277777777777778,TrialState.COMPLETE,none,0.0,0.98,smote,,,0.04700429568654156,,,,,,200.0,2.0,12.719016296060069,1.847408922855612,1.0809063577815707,,,,,,,
catboost,23,0.49513680477157196,0.4947145061728395,0.42229859873242226,0.40586419753086417,0.3692414339473163,0.6597222222222222,0.5208333333333334,TrialState.COMPLETE,none,0.0,0.98,smote,,,0.02812305641009699,,,,,,80.0,3.0,6.639722531513337,2.2235862386288434,0.5179725258221566,,,,,,,
catboost,24,0.4647604297185853,0.4643904320987654,0.3699976198198675,0.36419753086419754,0.29625702194509534,0.6504629629629629,0.5069444444444444,TrialState.COMPLETE,none,0.0,0.98,smote,,,0.10652525715921933,,,,,,320.0,4.0,10.61046349171197,0.6195501366268188,1.6708050006333919,,,,,,,
catboost,25,0.4919141436062008,0.49151234567901225,0.4017979271885522,0.415895061728395,0.36013783670033667,0.6319444444444444,0.4791666666666667,TrialState.COMPLETE,12,0.0,0.98,smote,,,0.03612335840971719,,,,,,160.0,2.0,2.76421528244766,0.9583021044068158,2.2399317671159222,,,,,,,
catboost,26,0.4734006378085315,0.4730324074074074,0.3682304011241019,0.375,0.28979890771229355,0.6550925925925926,0.5138888888888888,TrialState.COMPLETE,none,0.0,0.98,smote,,,0.05869383510983305,,,,,,280.0,5.0,5.313611435024065,2.5344320143725376,2.708841376600377,,,,,,,
catboost,27,0.4419179916269204,0.44158950617283954,0.3284854540808877,0.334104938271605,0.23987078405606652,0.6412037037037036,0.4930555555555555,TrialState.COMPLETE,none,0.0,0.9,ros,,,0.24724593191362246,,,,,,160.0,3.0,1.0392532024415484,1.6194962936679853,0.9598293532330854,,,,,,,
catboost,28,0.48679521295820727,0.48638117283950616,0.41404011870113566,0.4104938271604938,0.3827112937282429,0.6273148148148148,0.4722222222222222,TrialState.COMPLETE,12,0.0001,0.95,none,,,0.02511183824975695,,,,,,120.0,3.0,7.9453398397781685,0.3062015153410753,0.38726206531509355,,,,,,,
catboost,29,0.4750594715862632,0.4746913580246913,0.36811356157188163,0.41743827160493824,0.3494482143840914,0.5810185185185185,0.4027777777777778,TrialState.COMPLETE,none,1e-06,1.0,smoteenn,,,0.03768898728774017,,,,,,80.0,2.0,14.334758979801302,3.502074969895635,1.3560754155350068,,,,,,,
catboost,30,0.4903342322683355,0.48993055555555554,0.40367671277997363,0.39351851851851855,0.33311374615722444,0.6689814814814814,0.5347222222222222,TrialState.COMPLETE,35,1e-06,0.98,smote,,,0.020140843299399358,,,,,,560.0,4.0,4.879063738381596,2.672862130351482,2.7759739229639058,,,,,,,
catboost,31,0.49875863146117694,0.49834104938271606,0.41758207846085516,0.4089506172839506,0.3582459326748199,0.6643518518518519,0.5277777777777778,TrialState.COMPLETE,none,0.0,0.98,smote,,,0.04705488034774815,,,,,,80.0,3.0,16.220395542190417,3.6012967981763304,1.9183035782594378,,,,,,,
catboost,32,0.5268981613843751,0.5264274691358024,0.4706922485726833,0.45216049382716045,0.4399538866930171,0.6643518518518519,0.5277777777777778,TrialState.COMPLETE,none,0.0,0.98,smote,,,0.043128832645572386,,,,,,120.0,3.0,19.12248078869773,1.8926525574688995,2.1687379214644458,,,,,,,
catboost,33,0.48831840451209374,0.4879243827160493,0.3940217960444339,0.3904320987654321,0.31826002810254783,0.6689814814814814,0.5347222222222222,TrialState.COMPLETE,none,0.0,0.98,smote,,,0.06810777221099477,,,,,,120.0,2.0,11.760461603033233,1.9589555132334528,2.2756894729579233,,,,,,,
catboost,34,0.4751062095629497,0.47472993827160487,0.37627129134482074,0.36265432098765427,0.2797336106159635,0.6828703703703703,0.5555555555555556,TrialState.COMPLETE,20,0.0,0.98,smote,,,0.07520703081775727,,,,,,200.0,5.0,14.907215982364422,2.7830157309750576,2.491447746617498,,,,,,,
catboost,35,0.46384120290203623,0.4634645061728395,0.37669672919672914,0.3503086419753087,0.2878667628667629,0.6736111111111112,0.5416666666666666,TrialState.COMPLETE,none,0.0,0.95,none,,,0.03977500768512361,,,,,,120.0,5.0,1.497095872462637,2.3271442464611614,0.032368751982067234,,,,,,,
catboost,36,0.48809466129203916,0.4876929012345679,0.4017600574712644,0.3950617283950617,0.3376436781609196,0.6597222222222222,0.5208333333333334,TrialState.COMPLETE,none,0.0,0.9,smote,,,0.03396094359700675,,,,,,200.0,4.0,8.256859203762774,1.712844834674442,2.1253309034518524,,,,,,,
catboost,37,0.44373167396717283,0.4434027777777778,0.32889618939504256,0.35185185185185186,0.2629385819752792,0.6134259259259259,0.45138888888888884,TrialState.COMPLETE,12,1e-10,0.98,smoteenn,,,0.054140888884621124,,,,,,360.0,3.0,9.497255582725971,2.1674999094087957,1.6846142552673204,,,,,,,
catboost,38,0.4768189055393112,0.4764274691358025,0.39143640350877196,0.38271604938271603,0.3292397660818714,0.650462962962963,0.5069444444444444,TrialState.COMPLETE,none,0.0001,1.0,smote,,,0.10247971678126928,,,,,,680.0,2.0,3.9757223469518954,1.3092627495174765,2.576343287985863,,,,,,,
catboost,39,0.4586536951337042,0.45829475308641976,0.35894204728443857,0.33487654320987653,0.24933391889913628,0.6875,0.5625,TrialState.COMPLETE,50,0.0,0.98,ros,,,0.024174291220886077,,,,,,480.0,5.0,2.540705655886181,2.9705196839784813,1.2103216377041013,,,,,,,
extratrees,0,0.54106120914359,0.5405864197530863,0.4747893905036762,0.47145061728395055,0.4425178657321514,0.6689814814814815,0.5347222222222222,TrialState.COMPLETE,12,0.0,0.95,smoteenn,750.0,5.0,,,,,,,,,,,,5.0,1.0,sqrt,,,,
extratrees,1,0.5056495532479209,0.5052469135802469,0.40263966767411646,0.4220679012345679,0.3389969246268459,0.6597222222222222,0.5208333333333333,TrialState.COMPLETE,12,0.0,0.98,smoteenn,300.0,12.0,,,,,,,,,,,,7.0,3.0,log2,,,,
extratrees,2,0.5259704650500985,0.5255015432098765,0.4689218402219696,0.470679012345679,0.46714471145260283,0.6273148148148148,0.4722222222222222,TrialState.COMPLETE,12,0.0,1.0,none,100.0,,,,,,,,,,,,,4.0,2.0,,,,,
extratrees,3,0.49875413060189344,0.49834104938271606,0.4130812191774065,0.4089506172839506,0.3513215337772066,0.6643518518518519,0.5277777777777777,TrialState.COMPLETE,none,0.0,1.0,none,100.0,8.0,,,,,,,,,,,,8.0,3.0,sqrt,,,,
extratrees,4,0.5116475326462419,0.5112268518518518,0.42068079439004324,0.4212962962962962,0.35179523923254513,0.6782407407407407,0.5486111111111112,TrialState.COMPLETE,none,1e-06,1.0,ros,500.0,8.0,,,,,,,,,,,,6.0,1.0,log2,,,,
extratrees,5,0.5787643994185487,0.5782021604938271,0.5622389247216073,0.5293209876543209,0.5770556106828147,0.6689814814814814,0.5347222222222222,TrialState.COMPLETE,none,1e-06,1.0,smoteenn,550.0,3.0,,,,,,,,,,,,2.0,3.0,,,,,
extratrees,6,0.5392046821691908,0.538695987654321,0.5086945148698137,0.4660493827160494,0.4909402792868929,0.6736111111111112,0.5416666666666666,TrialState.COMPLETE,35,0.0001,0.95,smoteenn,700.0,12.0,,,,,,,,,,,,7.0,4.0,,,,,
extratrees,7,0.47385322126999313,0.47345679012345687,0.39643114653624645,0.3881172839506173,0.35188125108140483,0.6319444444444445,0.47916666666666663,TrialState.COMPLETE,none,0.0,1.0,smote,550.0,3.0,,,,,,,,,,,,2.0,2.0,sqrt,,,,
extratrees,8,0.4775220405443322,0.4771219135802469,0.40012696408529747,0.36882716049382713,0.3201739618406285,0.6782407407407407,0.5486111111111112,TrialState.COMPLETE,35,0.0,0.98,smote,400.0,20.0,,,,,,,,,,,,4.0,3.0,log2,,,,
extratrees,9,0.4448970041082563,0.44452160493827153,0.37539916998473444,0.3834876543209876,0.3793534239081384,0.5578703703703703,0.3680555555555556,TrialState.COMPLETE,20,1e-10,1.0,smoteenn,300.0,3.0,,,,,,,,,,,,4.0,4.0,sqrt,,,,
extratrees,10,0.5045906975308642,0.504128086419753,0.46261111111111114,0.42283950617283944,0.43500000000000005,0.6550925925925926,0.5138888888888888,TrialState.COMPLETE,50,1e-06,0.9,ros,900.0,3.0,,,,,,,,,,,,2.0,4.0,,,,,
extratrees,11,0.5468182661853853,0.5463348765432099,0.4833896421754702,0.4753086419753086,0.44827038967166355,0.6782407407407408,0.5486111111111112,TrialState.COMPLETE,12,1e-06,0.95,smoteenn,750.0,5.0,,,,,,,,,,,,3.0,1.0,sqrt,,,,
extratrees,12,0.5369321428519508,0.5364197530864199,0.5123897655309572,0.45756172839506176,0.4891466478254043,0.6828703703703705,0.5555555555555555,TrialState.COMPLETE,50,1e-06,0.95,smoteenn,700.0,5.0,,,,,,,,,,,,3.0,2.0,,,,,
extratrees,13,0.49531251464509596,0.49486882716049385,0.44368748460211876,0.41358024691358025,0.4133653609263366,0.6458333333333334,0.5,TrialState.COMPLETE,20,1e-06,0.9,smoteenn,900.0,5.0,,,,,,,,,,,,2.0,1.0,sqrt,,,,
extratrees,14,0.5489764769528911,0.5484567901234568,0.5196868294342387,0.47608024691358025,0.500372899984299,0.6828703703703705,0.5555555555555555,TrialState.COMPLETE,none,1e-06,0.95,smoteenn,600.0,20.0,,,,,,,,,,,,3.0,2.0,,,,,
extratrees,15,0.5413305373048003,0.540817901234568,0.5126360702323496,0.466820987654321,0.493264894374555,0.6782407407407408,0.548611111111111,TrialState.COMPLETE,none,0.0001,0.95,smoteenn,550.0,20.0,,,,,,,,,,,,3.0,3.0,,,,,
extratrees,16,0.5250496590093441,0.5245756172839506,0.4740417253934696,0.45679012345679015,0.45632487667371396,0.6504629629629629,0.5069444444444444,TrialState.COMPLETE,none,1e-10,0.98,none,600.0,20.0,,,,,,,,,,,,5.0,2.0,,,,,
extratrees,17,0.5292138703115383,0.5287422839506173,0.47158636092103834,0.4382716049382716,0.4151542304768112,0.6967592592592593,0.5763888888888888,TrialState.COMPLETE,none,1e-06,0.9,ros,400.0,,,,,,,,,,,,,3.0,3.0,,,,,
extratrees,18,0.47939522899793724,0.4789737654320987,0.4214635658385659,0.39660493827160487,0.3903926653926655,0.6319444444444444,0.4791666666666667,TrialState.COMPLETE,none,1e-06,1.0,smote,450.0,20.0,,,,,,,,,,,,2.0,2.0,,,,,
extratrees,19,0.5704947832007818,0.569945987654321,0.5487955464607764,0.5216049382716049,0.5638521227601688,0.6597222222222222,0.5208333333333334,TrialState.COMPLETE,none,1e-06,0.95,smoteenn,650.0,3.0,,,,,,,,,,,,5.0,3.0,,,,,
extratrees,20,0.5732640472493131,0.5727237654320988,0.5402818172142885,0.5308641975308642,0.5582327102442045,0.6504629629629629,0.5069444444444444,TrialState.COMPLETE,35,0.0001,0.95,smoteenn,800.0,3.0,,,,,,,,,,,,5.0,4.0,,,,,
extratrees,21,0.5732640472493131,0.5727237654320988,0.5402818172142885,0.5308641975308642,0.5582327102442045,0.6504629629629629,0.5069444444444444,TrialState.COMPLETE,35,0.0001,0.95,smoteenn,800.0,3.0,,,,,,,,,,,,5.0,4.0,,,,,
extratrees,22,0.5732640472493131,0.5727237654320988,0.5402818172142885,0.5308641975308642,0.5582327102442045,0.6504629629629629,0.5069444444444444,TrialState.COMPLETE,35,0.0001,0.95,smoteenn,800.0,3.0,,,,,,,,,,,,6.0,4.0,,,,,
extratrees,23,0.5748868481752389,0.5743441358024691,0.5427123727698441,0.5308641975308642,0.5582327102442045,0.6550925925925926,0.513888888888889,TrialState.COMPLETE,35,0.0001,0.95,smoteenn,850.0,3.0,,,,,,,,,,,,6.0,4.0,,,,,
extratrees,24,0.5748868481752389,0.5743441358024691,0.5427123727698441,0.5308641975308642,0.5582327102442045,0.6550925925925926,0.513888888888889,TrialState.COMPLETE,35,0.0001,0.95,smoteenn,850.0,3.0,,,,,,,,,,,,6.0,4.0,,,,,
extratrees,25,0.43507129948357304,0.43472222222222223,0.3490772613508178,0.3634259259259259,0.33137954737732656,0.5671296296296297,0.3819444444444444,TrialState.COMPLETE,35,0.0001,1.0,smoteenn,900.0,3.0,,,,,,,,,,,,6.0,4.0,log2,,,,
extratrees,26,0.48086466119528615,0.4804398148148148,0.42484638047138046,0.38888888888888884,0.38063973063973067,0.6504629629629629,0.5069444444444444,TrialState.COMPLETE,35,0.0001,0.9,ros,850.0,3.0,,,,,,,,,,,,7.0,4.0,,,,,
extratrees,27,0.5137807833928717,0.5133101851851851,0.47059820768662236,0.4444444444444444,0.4585057896033506,0.6412037037037037,0.4930555555555556,TrialState.COMPLETE,35,0.0001,0.98,smote,200.0,3.0,,,,,,,,,,,,8.0,3.0,,,,,
extratrees,28,0.5170128682659932,0.5165509259259259,0.4619423400673401,0.44444444444444436,0.4377104377104377,0.6504629629629629,0.5069444444444444,TrialState.COMPLETE,50,1e-10,0.95,none,650.0,3.0,,,,,,,,,,,,6.0,4.0,,,,,
extratrees,29,0.5145721715209485,0.5141203703703703,0.451801150578239,0.4282407407407407,0.4034120265306241,0.6736111111111112,0.5416666666666666,TrialState.COMPLETE,20,0.0001,0.95,smoteenn,750.0,,,,,,,,,,,,,7.0,3.0,log2,,,,
extratrees,30,0.6006667458968646,0.6001157407407407,0.5510051561239774,0.5555555555555555,0.5485549410454353,0.6828703703703703,0.5555555555555556,TrialState.COMPLETE,35,0.0001,1.0,smoteenn,750.0,12.0,,,,,,,,,,,,6.0,4.0,,,,,
extratrees,31,0.6026764751336773,0.6021219135802469,0.5545615534303747,0.558641975308642,0.5540263215168159,0.6828703703703703,0.5555555555555556,TrialState.COMPLETE,35,0.0001,1.0,smoteenn,850.0,12.0,,,,,,,,,,,,6.0,4.0,,,,,
extratrees,32,0.6006667458968646,0.6001157407407407,0.5510051561239774,0.5555555555555555,0.5485549410454353,0.6828703703703703,0.5555555555555556,TrialState.COMPLETE,35,0.0001,1.0,smoteenn,750.0,12.0,,,,,,,,,,,,6.0,4.0,,,,,
extratrees,33,0.5986569619462474,0.5981095679012345,0.5473940450128664,0.5524691358024691,0.5429993854898798,0.6828703703703703,0.5555555555555556,TrialState.COMPLETE,35,0.0001,1.0,smoteenn,700.0,12.0,,,,,,,,,,,,7.0,4.0,,,,,
extratrees,34,0.5986569619462474,0.5981095679012345,0.5473940450128664,0.5524691358024691,0.5429993854898798,0.6828703703703703,0.5555555555555556,TrialState.COMPLETE,35,0.0001,1.0,smoteenn,700.0,12.0,,,,,,,,,,,,7.0,4.0,,,,,
extratrees,35,0.5189376381301123,0.518479938271605,0.4576998585072515,0.45987654320987653,0.4498801241991903,0.6273148148148148,0.4722222222222222,TrialState.COMPLETE,12,0.0001,1.0,none,750.0,12.0,,,,,,,,,,,,7.0,4.0,,,,,
extratrees,36,0.4808679697274251,0.4804783950617284,0.38957466569671817,0.39891975308641975,0.34133281902059204,0.6319444444444444,0.47916666666666663,TrialState.COMPLETE,35,0.0001,1.0,smoteenn,650.0,12.0,,,,,,,,,,,,8.0,4.0,log2,,,,
extratrees,37,0.6006667458968646,0.6001157407407407,0.5510051561239774,0.5555555555555555,0.5485549410454353,0.6828703703703703,0.5555555555555556,TrialState.COMPLETE,35,0.0001,1.0,smoteenn,800.0,12.0,,,,,,,,,,,,6.0,4.0,,,,,
extratrees,38,0.4972332680238053,0.49679783950617284,0.43542851763246504,0.4290123456790123,0.4193558390926813,0.6226851851851852,0.4652777777777778,TrialState.COMPLETE,35,0.0001,1.0,ros,800.0,12.0,,,,,,,,,,,,6.0,4.0,,,,,
extratrees,39,0.5307220347802762,0.5302469135802469,0.47512120002930947,0.4729938271604938,0.4692035556006471,0.6365740740740741,0.4861111111111111,TrialState.COMPLETE,35,0.0,1.0,smoteenn,850.0,12.0,,,,,,,,,,,,6.0,3.0,sqrt,,,,
rf,0,0.5105907095502832,0.5101466049382716,0.44410461201158874,0.43209876543209874,0.4065284629238118,0.6550925925925927,0.5138888888888888,TrialState.COMPLETE,50,1e-06,0.95,smote,500.0,5.0,,,,,,,,,,,,3.0,2.0,log2,,,,
rf,1,0.5733297617929716,0.5728009259259259,0.528835867045666,0.5185185185185185,0.5219269749420503,0.673611111111111,0.5416666666666666,TrialState.COMPLETE,12,0.0,0.95,smoteenn,300.0,20.0,,,,,,,,,,,,5.0,4.0,sqrt,,,,
rf,2,0.5753804951918667,0.5748842592592592,0.496235932607528,0.5416666666666666,0.5016877595671371,0.6365740740740741,0.48611111111111116,TrialState.COMPLETE,12,0.0001,0.9,smoteenn,100.0,,,,,,,,,,,,,7.0,2.0,sqrt,,,,
rf,3,0.5136243896078513,0.5131558641975309,0.4685254103203824,0.4367283950617284,0.44409892186041744,0.6550925925925926,0.5138888888888888,TrialState.COMPLETE,35,0.0001,0.98,none,100.0,20.0,,,,,,,,,,,,5.0,1.0,,,,,
rf,4,0.4717380113223741,0.4713348765432099,0.40313477916419094,0.3873456790123457,0.3659338482867895,0.6273148148148148,0.4722222222222222,TrialState.COMPLETE,50,1e-06,0.95,ros,850.0,20.0,,,,,,,,,,,,3.0,2.0,,,,,
rf,5,0.5550496009692286,0.5545524691358025,0.4971318334261247,0.4729938271604938,0.4469763249290808,0.7060185185185184,0.5902777777777778,TrialState.COMPLETE,35,0.0,0.98,smoteenn,450.0,12.0,,,,,,,,,,,,7.0,2.0,sqrt,,,,
rf,6,0.5437317065153551,0.5432484567901235,0.4832497252315905,0.48302469135802467,0.4667517140315067,0.6550925925925926,0.5138888888888888,TrialState.COMPLETE,none,1e-10,0.95,smoteenn,700.0,,,,,,,,,,,,,5.0,1.0,log2,,,,
rf,7,0.5269267095150861,0.5264660493827161,0.4606601323700552,0.4621913580246914,0.43947712672316186,0.6458333333333334,0.5,TrialState.COMPLETE,none,0.0,1.0,smoteenn,400.0,50.0,,,,,,,,,,,,5.0,1.0,log2,,,,
rf,8,0.5072821150227768,0.5068287037037037,0.45341131907308385,0.41203703703703703,0.39841057635175287,0.6828703703703703,0.5555555555555556,TrialState.COMPLETE,50,0.0,1.0,none,300.0,20.0,,,,,,,,,,,,3.0,1.0,,,,,
rf,9,0.5054199776936027,0.5049768518518518,0.4431258417508418,0.4166666666666667,0.3938047138047138,0.6689814814814815,0.5347222222222222,TrialState.COMPLETE,none,1e-10,0.9,none,750.0,50.0,,,,,,,,,,,,5.0,4.0,log2,,,,
rf,10,0.5251577014294997,0.524729938271605,0.42776315789473685,0.4645061728395062,0.3963450292397661,0.6365740740740741,0.4861111111111111,TrialState.COMPLETE,12,0.0001,0.9,ros,100.0,,,,,,,,,,,,,8.0,3.0,sqrt,,,,
rf,11,0.547772068787288,0.5472993827160493,0.4726860712387029,0.4992283950617284,0.4654572036150984,0.636574074074074,0.48611111111111105,TrialState.COMPLETE,12,0.0001,0.9,smoteenn,250.0,8.0,,,,,,,,,,,,7.0,4.0,sqrt,,,,
rf,12,0.5499796521260546,0.5494598765432099,0.5197755828446479,0.47762345679012347,0.5005094436926206,0.6828703703703703,0.5555555555555556,TrialState.COMPLETE,20,0.0001,0.95,smoteenn,250.0,3.0,,,,,,,,,,,,7.0,3.0,sqrt,,,,
rf,13,0.50234431661973,0.501929012345679,0.4153042740509759,0.4344135802469135,0.38465614811261256,0.6273148148148148,0.4722222222222222,TrialState.COMPLETE,12,0.0,0.9,smote,200.0,,,,,,,,,,,,,6.0,3.0,sqrt,,,,
rf,14,0.5601023583052749,0.5596064814814814,0.4958768237934904,0.5231481481481481,0.5086139169472502,0.6273148148148148,0.4722222222222222,TrialState.COMPLETE,12,0.0,0.9,smoteenn,600.0,12.0,,,,,,,,,,,,4.0,4.0,sqrt,,,,
rf,15,0.5466044409371493,0.5461033950617284,0.5010458754208754,0.4799382716049383,0.48291245791245796,0.6689814814814815,0.5347222222222222,TrialState.COMPLETE,12,0.0001,0.95,smoteenn,350.0,3.0,,,,,,,,,,,,8.0,3.0,sqrt,,,,
rf,16,0.5626611553030303,0.5621527777777777,0.5083775252525252,0.5046296296296297,0.4941919191919191,0.6689814814814815,0.5347222222222222,TrialState.COMPLETE,20,1e-10,0.98,smoteenn,150.0,8.0,,,,,,,,,,,,6.0,2.0,sqrt,,,,
rf,17,0.5006303864954416,0.5001929012345679,0.4374852608736207,0.43672839506172845,0.42625937570300626,0.6180555555555556,0.4583333333333333,TrialState.COMPLETE,12,1e-06,1.0,smote,550.0,20.0,,,,,,,,,,,,2.0,4.0,sqrt,,,,
rf,18,0.5084132186003225,0.5079861111111111,0.4271074892113625,0.42129629629629634,0.3691610945132073,0.6689814814814815,0.5347222222222222,TrialState.COMPLETE,12,0.0,0.95,ros,350.0,5.0,,,,,,,,,,,,6.0,3.0,sqrt,,,,
rf,19,0.5881628492247805,0.5876157407407407,0.5471084840397314,0.5787037037037036,0.6061284369842023,0.6041666666666667,0.4375,TrialState.COMPLETE,12,0.0001,0.9,smoteenn,200.0,,,,,,,,,,,,,4.0,2.0,,,,,
rf,20,0.5925527356809321,0.5920138888888888,0.538846792043357,0.5879629629629629,0.5971574578444807,0.599537037037037,0.4305555555555556,TrialState.COMPLETE,35,0.0001,0.9,smoteenn,200.0,,,,,,,,,,,,,4.0,2.0,,,,,
rf,21,0.5925527356809321,0.5920138888888888,0.538846792043357,0.5879629629629629,0.5971574578444807,0.599537037037037,0.4305555555555556,TrialState.COMPLETE,35,0.0001,0.9,smoteenn,200.0,,,,,,,,,,,,,4.0,2.0,,,,,
rf,22,0.5885332229111649,0.5880015432098764,0.5316797012884799,0.58179012345679,0.5861311643754391,0.599537037037037,0.4305555555555556,TrialState.COMPLETE,35,0.0001,0.9,smoteenn,250.0,,,,,,,,,,,,,4.0,2.0,,,,,
rf,23,0.5925527356809321,0.5920138888888888,0.538846792043357,0.5879629629629629,0.5971574578444807,0.599537037037037,0.4305555555555556,TrialState.COMPLETE,35,0.0001,0.9,smoteenn,200.0,,,,,,,,,,,,,4.0,2.0,,,,,
rf,24,0.5925527356809321,0.5920138888888888,0.538846792043357,0.5879629629629629,0.5971574578444807,0.599537037037037,0.4305555555555556,TrialState.COMPLETE,35,0.0001,0.9,smoteenn,200.0,,,,,,,,,,,,,2.0,2.0,,,,,
rf,25,0.596184335816172,0.5956404320987654,0.5439037174066244,0.5910493827160493,0.601198026779422,0.6041666666666666,0.4375,TrialState.COMPLETE,35,0.0001,0.9,smoteenn,400.0,,,,,,,,,,,,,4.0,1.0,,,,,
rf,26,0.4870048551334601,0.48661265432098755,0.3922008124725516,0.4058641975308641,0.3416337285902504,0.6365740740740741,0.4861111111111111,TrialState.COMPLETE,35,0.0001,0.9,none,400.0,,,,,,,,,,,,,3.0,1.0,,,,,
rf,27,0.4765090255682353,0.4761188271604938,0.39019840774153747,0.3996913580246913,0.35351037088441667,0.6180555555555556,0.4583333333333333,TrialState.COMPLETE,35,0.0001,0.9,ros,450.0,,,,,,,,,,,,,4.0,1.0,,,,,
rf,28,0.4839398560430932,0.4835262345679012,0.4136214751919737,0.38117283950617287,0.3446740643979082,0.673611111111111,0.5416666666666666,TrialState.COMPLETE,35,0.0001,0.9,smote,600.0,,,,,,,,,,,,,3.0,1.0,,,,,
rf,29,0.5056464056435859,0.5052083333333333,0.4380723102526538,0.412037037037037,0.3785514174827152,0.6782407407407407,0.5486111111111112,TrialState.COMPLETE,35,1e-06,0.9,smote,500.0,5.0,,,,,,,,,,,,2.0,1.0,,,,,
rf,30,0.585692802487665,0.5851466049382716,0.5461975493933041,0.5200617283950617,0.5224620418016644,0.7060185185185185,0.5902777777777778,TrialState.COMPLETE,35,0.0001,1.0,smoteenn,350.0,3.0,,,,,,,,,,,,4.0,2.0,,,,,
rf,31,0.5925527356809321,0.5920138888888888,0.538846792043357,0.5879629629629629,0.5971574578444807,0.599537037037037,0.4305555555555556,TrialState.COMPLETE,35,0.0001,0.9,smoteenn,200.0,,,,,,,,,,,,,4.0,2.0,,,,,
rf,32,0.5905429792960487,0.5900077160493827,0.5352632466659184,0.5848765432098766,0.59164431110996,0.599537037037037,0.4305555555555556,TrialState.COMPLETE,35,0.0001,0.9,smoteenn,150.0,,,,,,,,,,,,,4.0,2.0,,,,,
rf,33,0.5905429792960487,0.5900077160493827,0.5352632466659184,0.5848765432098766,0.59164431110996,0.599537037037037,0.4305555555555556,TrialState.COMPLETE,35,0.0001,0.9,smoteenn,150.0,,,,,,,,,,,,,5.0,2.0,,,,,
rf,34,0.5792620500074117,0.5787422839506173,0.5197660567943587,0.5077160493827161,0.4780588907947398,0.7106481481481481,0.5972222222222223,TrialState.COMPLETE,35,0.0001,0.98,smoteenn,250.0,,,,,,,,,,,,,3.0,3.0,,,,,
rf,35,0.5885332229111649,0.5880015432098764,0.5316797012884799,0.58179012345679,0.5861311643754391,0.599537037037037,0.4305555555555556,TrialState.COMPLETE,50,1e-06,0.9,smoteenn,300.0,50.0,,,,,,,,,,,,4.0,2.0,,,,,
rf,36,0.5946462173419951,0.5940972222222223,0.5489951197727916,0.5787037037037037,0.5940736885393374,0.6226851851851851,0.4652777777777778,TrialState.COMPLETE,20,0.0001,0.9,smoteenn,100.0,8.0,,,,,,,,,,,,3.0,2.0,,,,,
rf,37,0.5712704855588986,0.5707561728395061,0.5143127193925066,0.5054012345679012,0.4846264059030016,0.6921296296296297,0.5694444444444444,TrialState.COMPLETE,20,1e-10,0.98,smoteenn,100.0,8.0,,,,,,,,,,,,3.0,1.0,log2,,,,
rf,38,0.5134847966645623,0.5130787037037037,0.4060929608585858,0.449074074074074,0.3667455808080808,0.6319444444444444,0.47916666666666663,TrialState.COMPLETE,20,0.0001,0.9,none,900.0,8.0,,,,,,,,,,,,2.0,2.0,,,,,
rf,39,0.4909539457768057,0.49054783950617287,0.4061062706328328,0.4243827160493827,0.38172332234111034,0.6134259259259259,0.45138888888888884,TrialState.COMPLETE,20,0.0001,0.9,ros,100.0,12.0,,,,,,,,,,,,3.0,1.0,,,,,
mlp,0,0.4005015780658172,0.4002700617283951,0.23151633742214617,0.3503086419753087,0.21034564731612235,0.4930555555555556,0.2708333333333333,TrialState.COMPLETE,12,1e-06,0.95,ros,,,,,,,,,,,,,,,,,"(16,)",0.0005017528817783589,0.001743065896132862,tanh
mlp,1,0.337276589601972,0.33711419753086413,0.16239207110782866,0.29552469135802467,0.16756899828554842,0.4143518518518518,0.1527777777777777,TrialState.COMPLETE,35,1e-06,1.0,smote,,,,,,,,,,,,,,,,,"(64, 32)",0.0347103354648829,0.00016193786634419082,tanh
mlp,2,0.466990279681738,0.46662808641975306,0.3621932619849286,0.3626543209876543,0.27677168510501843,0.6597222222222222,0.5208333333333333,TrialState.COMPLETE,20,0.0001,0.98,smote,,,,,,,,,,,,,,,,,"(64, 32)",0.01081852141935816,0.0044933016018864815,relu
mlp,3,0.4398218974932266,0.43950617283950616,0.31572465372041625,0.34336419753086417,0.23893536469807627,0.6180555555555556,0.45833333333333337,TrialState.COMPLETE,none,0.0001,0.98,smote,,,,,,,,,,,,,,,,,"(32, 16)",2.9089878652497293e-05,0.0008628147244980654,tanh
mlp,4,0.43075549550458236,0.43043981481481486,0.3156806897675272,0.4166666666666667,0.36974379622354614,0.4560185185185185,0.21527777777777776,TrialState.COMPLETE,20,0.0001,1.0,smote,,,,,,,,,,,,,,,,,"(32, 16)",0.0008935126572002563,0.0005544872894601879,relu
mlp,5,0.4684757906654229,0.4681327160493827,0.3430746160401509,0.39737654320987653,0.29596949476262524,0.5995370370370371,0.4305555555555556,TrialState.COMPLETE,50,1e-06,0.98,ros,,,,,,,,,,,,,,,,,"(16,)",0.0003902927168005914,0.004813230726809065,tanh
mlp,6,0.44437438497644716,0.44402006172839503,0.354323248052151,0.3503086419753086,0.2983178175161298,0.6180555555555556,0.4583333333333333,TrialState.COMPLETE,35,0.0,0.98,smoteenn,,,,,,,,,,,,,,,,,"(32,)",0.0012316173737289006,0.005218383737285474,tanh
mlp,7,0.2641759898169328,0.26415895061728395,0.017039199648829672,0.2530864197530864,0.04865005074178922,0.2847222222222222,-0.04166666666666663,TrialState.COMPLETE,50,1e-10,0.98,none,,,,,,,,,,,,,,,,,"(16,)",4.6335082216363874e-05,0.0003872429934960463,tanh
mlp,8,0.45606630880350946,0.45574845679012344,0.31785201338599955,0.38580246913580246,0.2683834393972642,0.5856481481481481,0.4097222222222222,TrialState.COMPLETE,50,0.0001,1.0,ros,,,,,,,,,,,,,,,,,"(32, 16)",6.011052439005646e-05,0.00037882579604984026,relu
mlp,9,0.48018448684473797,0.47982253086419757,0.3619559805403735,0.42283950617283955,0.3362356965578395,0.5856481481481481,0.4097222222222222,TrialState.COMPLETE,none,0.0,0.98,smoteenn,,,,,,,,,,,,,,,,,"(64, 32)",0.0011197856507698925,0.03464344371011522,tanh
mlp,10,0.46264950154320983,0.4623070987654321,0.3424027777777777,0.40586419753086417,0.32111111111111107,0.5671296296296295,0.3819444444444444,TrialState.COMPLETE,none,0.0,0.9,smoteenn,,,,,,,,,,,,,,,,,"(64, 32)",0.0044821076318749984,0.04125510081842759,relu
mlp,11,0.45181785017695963,0.451466049382716,0.35180079424362537,0.34182098765432095,0.2645225894346373,0.6550925925925926,0.513888888888889,TrialState.COMPLETE,none,1e-06,0.98,ros,,,,,,,,,,,,,,,,,"(16,)",0.00022501957784197557,0.03675122057937939,tanh
mlp,12,0.42912646777153984,0.4288194444444444,0.3070233270954221,0.35185185185185186,0.26294187074509384,0.5717592592592593,0.3888888888888889,TrialState.COMPLETE,50,0.0,0.9,smoteenn,,,,,,,,,,,,,,,,,"(32,)",0.00017296544260399677,0.014420296917486045,tanh
mlp,13,0.38495675772784493,0.38472222222222224,0.23453550562270387,0.3263888888888889,0.21499052147082642,0.4930555555555556,0.27083333333333337,TrialState.COMPLETE,12,1e-10,0.95,none,,,,,,,,,,,,,,,,,"(16,)",0.002439706492566321,0.013593463597433695,tanh
mlp,14,0.42604354852799997,0.42573302469135804,0.31052383664192224,0.2947530864197531,0.18980162902176076,0.6689814814814815,0.5347222222222222,TrialState.COMPLETE,none,0.0,0.98,ros,,,,,,,,,,,,,,,,,"(64, 32)",0.09190543316517269,0.012783804188038525,tanh
mlp,15,0.42682523860700566,0.42654320987654315,0.2820287304625314,0.34336419753086417,0.21701001267739872,0.5810185185185185,0.4027777777777778,TrialState.COMPLETE,50,1e-06,0.98,smoteenn,,,,,,,,,,,,,,,,,"(16,)",0.00017570618476874872,0.003538149101105109,tanh
mlp,16,0.4581992868304566,0.45787037037037026,0.3289164600863284,0.386574074074074,0.2816663488507617,0.5902777777777777,0.41666666666666663,TrialState.COMPLETE,none,0.0,0.98,ros,,,,,,,,,,,,,,,,,"(64, 32)",1.2242248696320003e-05,0.0015877085147162013,tanh
mlp,17,0.44564950838269723,0.4453317901234568,0.31771825924043634,0.36728395061728397,0.2644383475493893,0.5902777777777778,0.41666666666666663,TrialState.COMPLETE,50,1e-06,0.95,smoteenn,,,,,,,,,,,,,,,,,"(32,)",0.008258086581927436,0.020458972894770732,tanh
mlp,18,0.4643674363716803,0.46404320987654324,0.3242264951370751,0.4035493827160494,0.2856689668775514,0.5763888888888888,0.39583333333333337,TrialState.COMPLETE,20,1e-10,0.9,none,,,,,,,,,,,,,,,,,"(16,)",0.00040758007514816313,0.0052709056099299115,relu
mlp,19,0.44220970308710944,0.44185956790123454,0.3501351858748728,0.3395061728395062,0.280656696217753,0.6319444444444444,0.47916666666666663,TrialState.COMPLETE,35,1e-06,0.98,ros,,,,,,,,,,,,,,,,,"(64, 32)",0.0018789258630265056,0.008883507281192278,tanh
mlp,20,0.4760201828702097,0.4756558641975308,0.3643186726788794,0.4089506172839506,0.3286526588222077,0.599537037037037,0.4305555555555556,TrialState.COMPLETE,12,0.0,0.98,smoteenn,,,,,,,,,,,,,,,,,"(16,)",0.017227986791741,0.04965336395188898,tanh
mlp,21,0.4635036330675508,0.46315586419753085,0.3477688700199577,0.3996913580246913,0.318148688919593,0.5810185185185185,0.4027777777777778,TrialState.COMPLETE,12,0.0,0.98,smoteenn,,,,,,,,,,,,,,,,,"(16,)",0.007787465473528462,0.027811477667205146,tanh
mlp,22,0.45594604128070354,0.4555941358024691,0.35190547823443497,0.37808641975308643,0.30955543659998547,0.599537037037037,0.4305555555555556,TrialState.COMPLETE,12,0.0,0.98,smoteenn,,,,,,,,,,,,,,,,,"(16,)",0.02975979729210024,0.045124680481639465,tanh
mlp,23,0.479106013585548,0.47874228395061724,0.36372963493073224,0.43364197530864196,0.35766097681651116,0.5625,0.375,TrialState.COMPLETE,12,0.0,0.98,smoteenn,,,,,,,,,,,,,,,,,"(16,)",0.021618650564630772,0.021760978841604474,tanh
mlp,24,0.4647407143569617,0.46439043209876546,0.350282258196226,0.396604938271605,0.3145368074813733,0.5902777777777778,0.4166666666666667,TrialState.COMPLETE,12,0.0,0.98,smoteenn,,,,,,,,,,,,,,,,,"(16,)",0.021660883056578456,0.023964711097172606,tanh
mlp,25,0.43015590946278526,0.4298225308641975,0.333378598587724,0.353395061728395,0.30348844227171223,0.5717592592592593,0.38888888888888884,TrialState.COMPLETE,12,0.0,0.98,smoteenn,,,,,,,,,,,,,,,,,"(64, 32)",0.09894435822305848,0.008341339927446257,tanh
mlp,26,0.4496079599567099,0.4492669753086419,0.34098464806798146,0.353395061728395,0.2703182619849287,0.6273148148148148,0.4722222222222222,TrialState.COMPLETE,12,0.0,0.9,smoteenn,,,,,,,,,,,,,,,,,"(32, 16)",0.01663155228997966,0.021470382437764498,relu
mlp,27,0.4944399951608206,0.4940200617283951,0.41993343242552106,0.4197530864197531,0.38803861398798106,0.6319444444444444,0.47916666666666663,TrialState.COMPLETE,12,0.0,0.95,smoteenn,,,,,,,,,,,,,,,,,"(32,)",0.0037229431323862736,0.031572768666870255,tanh
mlp,28,0.44141751252075967,0.44108796296296293,0.32954955779674866,0.36574074074074076,0.2901189778069638,0.5810185185185185,0.4027777777777778,TrialState.COMPLETE,none,0.0,0.95,smoteenn,,,,,,,,,,,,,,,,,"(32,)",0.0033968959558705746,0.010121917779268652,tanh
mlp,29,0.4659876808326781,0.46558641975308634,0.40126107959176205,0.415895061728395,0.41914097714971943,0.5578703703703703,0.3680555555555556,TrialState.COMPLETE,12,0.0,0.95,smoteenn,,,,,,,,,,,,,,,,,"(32,)",0.04674195184270093,0.002196658037598931,tanh
mlp,30,0.5056034232710827,0.5051697530864198,0.43367018466292095,0.43441358024691357,0.40543276272928014,0.6365740740740741,0.4861111111111111,TrialState.COMPLETE,12,0.0,0.95,smoteenn,,,,,,,,,,,,,,,,,"(32,)",0.004660812597798016,0.02841151162636606,tanh
mlp,31,0.49594766644436855,0.4955246913580247,0.4229750863438475,0.4220679012345679,0.3927180815546372,0.6319444444444444,0.47916666666666663,TrialState.COMPLETE,12,0.0,0.95,smoteenn,,,,,,,,,,,,,,,,,"(32,)",0.005384106749361261,0.025671324951268743,tanh
mlp,32,0.4964497334011706,0.4960262345679012,0.42349883326940296,0.42283950617283944,0.3935238460554917,0.6319444444444444,0.47916666666666663,TrialState.COMPLETE,12,0.0,0.95,smoteenn,,,,,,,,,,,,,,,,,"(32,)",0.005122299477618784,0.03157644493651084,tanh
mlp,33,0.493429658398428,0.49301697530864197,0.4126830897860471,0.41820987654320985,0.37688424069648274,0.6319444444444444,0.47916666666666663,TrialState.COMPLETE,12,0.0,0.95,smoteenn,,,,,,,,,,,,,,,,,"(32,)",0.004860065542722252,0.017212081453354598,tanh
mlp,34,0.49367681348017084,0.4932484567901234,0.42835669004744603,0.41358024691358025,0.3935188393892333,0.6412037037037037,0.4930555555555555,TrialState.COMPLETE,12,0.0,0.95,smote,,,,,,,,,,,,,,,,,"(32,)",0.005514041218480354,0.030812729582292007,tanh
mlp,35,0.4716452276307631,0.4712577160493827,0.38751158138040265,0.36728395061728397,0.3119836294741238,0.6643518518518519,0.5277777777777778,TrialState.COMPLETE,12,0.0001,0.95,smoteenn,,,,,,,,,,,,,,,,,"(32,)",0.0023123010853513017,0.00682986837011322,tanh
mlp,36,0.361395962767661,0.3612268518518519,0.16911091580913387,0.375,0.24147405850977857,0.33564814814814814,0.03472222222222224,TrialState.COMPLETE,12,1e-10,0.95,smote,,,,,,,,,,,,,,,,,"(32,)",0.010528891071969106,0.00015829535026639537,relu
mlp,37,0.4821322180361927,0.4817515432098765,0.38067482631620647,0.40586419753086417,0.3351193909138219,0.6226851851851851,0.4652777777777778,TrialState.COMPLETE,20,0.0,0.95,none,,,,,,,,,,,,,,,,,"(32,)",0.0008916032286427379,0.027880337276112225,tanh
mlp,38,0.42239801537213784,0.4221064814814815,0.29153389065631163,0.32407407407407407,0.21293675485586408,0.6041666666666667,0.4375,TrialState.COMPLETE,35,0.0001,0.95,smoteenn,,,,,,,,,,,,,,,,,"(32,)",0.0014638261566481015,0.0034027676541438946,tanh
mlp,39,0.49043959926088637,0.49004629629629626,0.3933029645901393,0.45601851851851855,0.4106370395403853,0.5532407407407407,0.3611111111111111,TrialState.COMPLETE,12,0.0,1.0,smote,,,,,,,,,,,,,,,,,"(32,)",0.0006741195712208334,0.0013142769788188036,relu
