scenario,split,family,feature_count,resampler,bacc,kappa,precision_weighted,recall_weighted,f1_weighted
one-data-set-out,banknote,xgb,12,none,0.5370370370370371,0.5732323232323233,0.616025641025641,0.6666666666666666,0.6276494403429387
one-data-set-out,diabetes,xgb,12,none,0.5046296296296297,0.42222222222222217,0.6933179390965507,0.5384615384615384,0.5055407019321727
one-data-set-out,wilt,xgb,12,none,0.5648148148148148,0.4833333333333333,0.6428372352285395,0.6025641025641025,0.5085517499188873
one-model-out,lin,xgb,12,none,0.611111111111111,0.41666666666666663,0.6222222222222221,0.6111111111111112,0.5799663299663299
one-model-out,nn,xgb,12,none,0.25,0.0,0.0625,0.25,0.1
one-model-out,svm,xgb,12,none,0.9074074074074074,0.8611111111111112,0.9142857142857141,0.9074074074074074,0.9067599067599068
one-model-out,xgb,xgb,12,none,0.8518518518518517,0.7777777777777778,0.8757575757575758,0.8518518518518519,0.8491228070175438
10-fold cross-validation,0,xgb,12,none,0.7388888888888889,0.7350993377483444,0.7375992063492064,0.7916666666666666,0.7561965811965812
10-fold cross-validation,1,xgb,12,none,0.9761904761904763,0.9472527472527472,0.9642857142857143,0.9583333333333334,0.9583333333333334
10-fold cross-validation,2,xgb,12,none,0.9523809523809524,0.8947368421052632,0.9375,0.9166666666666666,0.9156746031746031
10-fold cross-validation,3,xgb,12,none,0.8055555555555557,0.8417582417582418,0.8958333333333334,0.875,0.8722222222222221
10-fold cross-validation,4,xgb,12,none,0.7666666666666666,0.8283582089552239,0.8454106280193237,0.8695652173913043,0.8510372264847968
10-fold cross-validation,5,xgb,12,none,0.5125000000000001,0.5467980295566501,0.6811594202898551,0.6521739130434783,0.6579710144927536
10-fold cross-validation,6,xgb,12,none,0.6666666666666666,0.8317073170731707,0.898550724637681,0.8695652173913043,0.8753623188405797
10-fold cross-validation,7,xgb,12,none,0.5722222222222223,0.6609336609336609,0.7185990338164252,0.7391304347826086,0.7179512516469038
10-fold cross-validation,8,xgb,12,none,0.7999999999999999,0.8317073170731708,0.8250517598343684,0.8695652173913043,0.8369379412857674
10-fold cross-validation,9,xgb,12,none,0.9428571428571427,0.8878048780487805,0.9130434782608695,0.9130434782608695,0.9130434782608695
one-data-set-out,banknote,catboost,51,smote,0.5277777777777778,0.5568181818181819,0.6153846153846154,0.6538461538461539,0.6025641025641025
one-data-set-out,diabetes,catboost,41,smote,0.3194444444444444,0.24637681159420288,0.39184378034307904,0.4358974358974359,0.37874735539499416
one-data-set-out,wilt,catboost,48,smote,0.5092592592592592,0.5166666666666666,0.6244343891402715,0.6282051282051282,0.5720879120879121
one-model-out,lin,catboost,46,smote,0.611111111111111,0.41666666666666663,0.6222222222222221,0.6111111111111112,0.5799663299663299
one-model-out,nn,catboost,47,smote,0.25,0.0,0.0625,0.25,0.1
one-model-out,svm,catboost,48,smote,0.8518518518518517,0.7777777777777778,0.8974358974358974,0.8518518518518519,0.8441558441558441
one-model-out,xgb,catboost,47,smote,0.9444444444444445,0.9166666666666666,0.9523809523809524,0.9444444444444444,0.944055944055944
10-fold cross-validation,0,catboost,47,smote,0.9666666666666667,0.9470198675496688,0.9642857142857143,0.9583333333333334,0.9576210826210826
10-fold cross-validation,1,catboost,48,smote,0.688888888888889,0.7345132743362832,0.796875,0.7916666666666666,0.7907407407407407
10-fold cross-validation,2,catboost,48,smote,0.9166666666666666,0.947136563876652,0.9722222222222222,0.9583333333333334,0.9555555555555556
10-fold cross-validation,3,catboost,48,smote,0.7388888888888889,0.7350993377483444,0.8070436507936508,0.7916666666666666,0.7867521367521367
10-fold cross-validation,4,catboost,48,smote,0.85,0.8287841191066998,0.8888888888888888,0.8695652173913043,0.8655299801079852
10-fold cross-validation,5,catboost,47,smote,0.85,0.8287841191066998,0.8888888888888888,0.8695652173913043,0.8655299801079852
10-fold cross-validation,6,catboost,48,smote,0.5833333333333334,0.6658595641646489,0.8170289855072462,0.7391304347826086,0.7382385730211817
10-fold cross-validation,7,catboost,48,smote,0.6555555555555556,0.7167487684729064,0.7620772946859904,0.782608695652174,0.761429512516469
10-fold cross-validation,8,catboost,47,smote,0.5166666666666667,0.6609336609336609,0.7391304347826086,0.7391304347826086,0.7199792960662527
10-fold cross-validation,9,catboost,47,smote,0.8555555555555555,0.8317073170731707,0.8967391304347826,0.8695652173913043,0.869038208168643
one-data-set-out,banknote,extratrees,35,smoteenn,0.5370370370370371,0.5732323232323232,0.6382783882783882,0.6666666666666666,0.6131978389503473
one-data-set-out,diabetes,extratrees,35,smoteenn,0.5277777777777778,0.5221799746514575,0.669010989010989,0.6282051282051282,0.5925573470962865
one-data-set-out,wilt,extratrees,35,smoteenn,0.611111111111111,0.5666666666666667,0.6996336996336996,0.6666666666666666,0.6230769230769232
one-model-out,lin,extratrees,35,smoteenn,0.6296296296296297,0.4444444444444444,0.6476190476190476,0.6296296296296297,0.6041666666666666
one-model-out,nn,extratrees,35,smoteenn,0.25,0.0,0.0625,0.25,0.1
one-model-out,svm,extratrees,35,smoteenn,0.9074074074074074,0.8611111111111112,0.9142857142857141,0.9074074074074074,0.9067599067599068
one-model-out,xgb,extratrees,35,smoteenn,0.9444444444444443,0.9166666666666666,0.9453044375644994,0.9444444444444444,0.9444015444015443
10-fold cross-validation,0,extratrees,35,smoteenn,0.911111111111111,0.8417582417582418,0.8805555555555555,0.875,0.875
10-fold cross-validation,1,extratrees,35,smoteenn,0.7722222222222223,0.7876106194690266,0.8524305555555557,0.8333333333333334,0.8296296296296296
10-fold cross-validation,2,extratrees,35,smoteenn,1.0,1.0,1.0,1.0,1.0
10-fold cross-validation,3,extratrees,35,smoteenn,0.5722222222222223,0.6291390728476821,0.6820436507936508,0.7083333333333334,0.6895299145299146
10-fold cross-validation,4,extratrees,35,smoteenn,0.6,0.7139303482587065,0.7439613526570048,0.782608695652174,0.7524865018471157
10-fold cross-validation,5,extratrees,35,smoteenn,0.7000000000000001,0.6584158415841583,0.7548309178743962,0.7391304347826086,0.7331628303495311
10-fold cross-validation,6,extratrees,35,smoteenn,0.6611111111111111,0.7201946472019465,0.7884057971014492,0.782608695652174,0.782608695652174
10-fold cross-validation,7,extratrees,35,smoteenn,0.5722222222222223,0.6609336609336609,0.7185990338164252,0.7391304347826086,0.7179512516469038
10-fold cross-validation,8,extratrees,35,smoteenn,0.6833333333333332,0.7181372549019608,0.789855072463768,0.782608695652174,0.7692546583850932
10-fold cross-validation,9,extratrees,35,smoteenn,0.9388888888888888,0.8875305623471883,0.9184782608695652,0.9130434782608695,0.9125164690382082
one-data-set-out,banknote,rf,27,smoteenn,0.5370370370370371,0.5732323232323232,0.6564102564102564,0.6666666666666666,0.6057692307692307
one-data-set-out,diabetes,rf,23,smoteenn,0.5972222222222222,0.6136950904392764,0.6912228796844181,0.7051282051282052,0.6766666666666666
one-data-set-out,wilt,rf,27,smoteenn,0.6388888888888888,0.6166666666666667,0.7102564102564103,0.7051282051282052,0.6703962703962705
one-model-out,lin,rf,24,smoteenn,0.5185185185185185,0.2777777777777778,0.5857843137254902,0.5185185185185185,0.5102564102564103
one-model-out,nn,rf,26,smoteenn,0.25,0.0,0.0625,0.25,0.1
one-model-out,svm,rf,28,smoteenn,0.7962962962962964,0.6944444444444444,0.8071348940914158,0.7962962962962963,0.7922895357985837
one-model-out,xgb,rf,28,smoteenn,0.8518518518518517,0.7777777777777778,0.8974358974358974,0.8518518518518519,0.8441558441558442
10-fold cross-validation,0,rf,28,smoteenn,0.7055555555555556,0.6814159292035398,0.6979166666666666,0.75,0.7077380952380953
10-fold cross-validation,1,rf,27,smoteenn,0.7984126984126984,0.7362637362637363,0.8174603174603176,0.7916666666666666,0.792094017094017
10-fold cross-validation,2,rf,28,smoteenn,0.9523809523809524,0.8951965065502183,0.9404761904761906,0.9166666666666666,0.9166666666666669
10-fold cross-validation,3,rf,27,smoteenn,0.7722222222222223,0.7885462555066078,0.8472222222222222,0.8333333333333334,0.8305555555555556
10-fold cross-validation,4,rf,26,smoteenn,0.7666666666666666,0.8296296296296296,0.8405797101449275,0.8695652173913043,0.8521739130434783
10-fold cross-validation,5,rf,28,smoteenn,0.5833333333333334,0.5434243176178659,0.6352657004830917,0.6521739130434783,0.6328993257382004
10-fold cross-validation,6,rf,28,smoteenn,0.5873015873015873,0.6658595641646489,0.7842650103519668,0.7391304347826086,0.7445728184858619
10-fold cross-validation,7,rf,27,smoteenn,0.6555555555555556,0.7181372549019609,0.7551759834368529,0.782608695652174,0.7629877369007805
10-fold cross-validation,8,rf,27,smoteenn,0.5499999999999999,0.7181372549019609,0.7670807453416149,0.782608695652174,0.7673727238944629
10-fold cross-validation,9,rf,28,smoteenn,0.8634920634920635,0.7215496368038741,0.815734989648033,0.782608695652174,0.7896523766088983
one-data-set-out,banknote,mlp,12,smoteenn,0.49074074074074076,0.48987341772151904,0.5370526908988448,0.6025641025641025,0.553353693452949
one-data-set-out,diabetes,mlp,12,smoteenn,0.3680555555555556,0.3264248704663213,0.32342553093894777,0.48717948717948717,0.37619167717528373
one-data-set-out,wilt,mlp,12,smoteenn,0.4444444444444444,0.4,0.34615384615384615,0.5384615384615384,0.4164835164835165
one-model-out,lin,mlp,12,smoteenn,0.5740740740740741,0.36111111111111116,0.5931495405179616,0.5740740740740741,0.5793197043197043
one-model-out,nn,mlp,12,smoteenn,0.25,0.0,0.0625,0.25,0.1
one-model-out,svm,mlp,12,smoteenn,0.7962962962962963,0.6944444444444444,0.8735632183908045,0.7962962962962963,0.7753191489361703
one-model-out,xgb,mlp,12,smoteenn,0.9259259259259259,0.8888888888888888,0.9259259259259259,0.9259259259259259,0.9259259259259259
10-fold cross-validation,0,mlp,12,smoteenn,0.8055555555555555,0.7379912663755459,0.8796296296296297,0.7916666666666666,0.771031746031746
10-fold cross-validation,1,mlp,12,smoteenn,0.6277777777777778,0.6283185840707965,0.6892361111111112,0.7083333333333334,0.6944444444444443
10-fold cross-validation,2,mlp,12,smoteenn,0.9444444444444443,0.8947368421052632,0.9404761904761906,0.9166666666666666,0.9152777777777779
10-fold cross-validation,3,mlp,12,smoteenn,0.5111111111111111,0.5221238938053097,0.5885416666666666,0.625,0.6009259259259259
10-fold cross-validation,4,mlp,12,smoteenn,0.7166666666666667,0.8283582089552239,0.8454106280193237,0.8695652173913043,0.8510372264847968
10-fold cross-validation,5,mlp,12,smoteenn,0.46249999999999997,0.5467980295566504,0.6480331262939958,0.6521739130434783,0.6376811594202899
10-fold cross-validation,6,mlp,12,smoteenn,0.5222222222222223,0.6642335766423357,0.7246376811594203,0.7391304347826086,0.7304347826086957
10-fold cross-validation,7,mlp,12,smoteenn,0.45555555555555555,0.545679012345679,0.6207729468599034,0.6521739130434783,0.6213768115942029
10-fold cross-validation,8,mlp,12,smoteenn,0.65,0.6634146341463415,0.7934782608695652,0.7391304347826086,0.7126293995859214
10-fold cross-validation,9,mlp,12,smoteenn,0.9388888888888888,0.8875305623471883,0.9184782608695652,0.9130434782608695,0.9125164690382082
one-data-set-out,banknote,voting,11,ros,0.5,0.5075757575757576,0.5641025641025641,0.6153846153846154,0.564935064935065
one-data-set-out,diabetes,voting,12,ros,0.3310185185185185,0.22823218997361472,0.38198757763975155,0.4230769230769231,0.33688186813186816
one-data-set-out,wilt,voting,11,ros,0.5000000000000001,0.3666666666666667,0.3685897435897436,0.5128205128205128,0.42609890109890114
one-model-out,lin,voting,11,ros,0.6296296296296297,0.4444444444444444,0.6814814814814815,0.6296296296296297,0.5925925925925926
one-model-out,nn,voting,12,ros,0.25,0.0,0.0625,0.25,0.1
one-model-out,svm,voting,12,ros,0.9814814814814815,0.9722222222222222,0.9824561403508772,0.9814814814814815,0.9814671814671814
one-model-out,xgb,voting,12,ros,0.8518518518518517,0.7777777777777778,0.8614718614718616,0.8518518518518519,0.85
