dataset,model,attack,n_test,n_classes,attack_binary,neighborhood_size_mean,neighborhood_size_q0,neighborhood_size_q25,neighborhood_size_q50,neighborhood_size_q75,neighborhood_size_q1,neighborhood_size_minmax,uncertainty_mean,uncertainty_q0,uncertainty_q25,uncertainty_q50,uncertainty_q75,uncertainty_q1,uncertainty_minmax,target_approx_consistency_in_neighborhood_mean,target_approx_consistency_in_neighborhood_q0,target_approx_consistency_in_neighborhood_q25,target_approx_consistency_in_neighborhood_q50,target_approx_consistency_in_neighborhood_q75,target_approx_consistency_in_neighborhood_q1,target_approx_consistency_in_neighborhood_minmax,pred_targets_consistency_in_neighborhood_mean,pred_targets_consistency_in_neighborhood_q0,pred_targets_consistency_in_neighborhood_q25,pred_targets_consistency_in_neighborhood_q50,pred_targets_consistency_in_neighborhood_q75,pred_targets_consistency_in_neighborhood_q1,pred_targets_consistency_in_neighborhood_minmax,target_targets_consistency_in_neighborhood_mean,target_targets_consistency_in_neighborhood_q0,target_targets_consistency_in_neighborhood_q25,target_targets_consistency_in_neighborhood_q50,target_targets_consistency_in_neighborhood_q75,target_targets_consistency_in_neighborhood_q1,target_targets_consistency_in_neighborhood_minmax,targets_and_approxs_consistency_in_neighborhood_mean,targets_and_approxs_consistency_in_neighborhood_q0,targets_and_approxs_consistency_in_neighborhood_q25,targets_and_approxs_consistency_in_neighborhood_q50,targets_and_approxs_consistency_in_neighborhood_q75,targets_and_approxs_consistency_in_neighborhood_q1,targets_and_approxs_consistency_in_neighborhood_minmax,target_diversity_in_neighborhood_mean,target_diversity_in_neighborhood_q0,target_diversity_in_neighborhood_q25,target_diversity_in_neighborhood_q50,target_diversity_in_neighborhood_q75,target_diversity_in_neighborhood_q1,target_diversity_in_neighborhood_minmax,approx_diversity_in_neighborhood_mean,approx_diversity_in_neighborhood_q0,approx_diversity_in_neighborhood_q25,approx_diversity_in_neighborhood_q50,approx_diversity_in_neighborhood_q75,approx_diversity_in_neighborhood_q1,approx_diversity_in_neighborhood_minmax,bacc_test_mean,bacc_test_q0,bacc_test_q25,bacc_test_q50,bacc_test_q75,bacc_test_q1,bacc_test_minmax
banknote,lin,hsj,275,2,1,23.145454545454545,1.0,15.0,26.0,32.0,32.0,31.0,0.9812670324735044,0.9292543271403598,0.9732456454189304,0.982738892961421,0.9913716392238872,0.9999997949833538,0.07074546784299396,0.5355606133352292,0.0,0.38278388278388276,0.5,0.6511156186612577,1.0,1.0,0.47535045066055803,0.0,0.35098522167487683,0.5,0.6153846153846154,1.0,1.0,0.5366322587868573,0.0,0.40625,0.5,0.6770833333333333,1.0,1.0,0.919210501800416,0.5,0.875,0.90625,0.96875,1.0,0.5,0.7987378983198499,4.1305960435927445e-11,0.783238211746677,0.954434002924965,0.9940302114769566,1.0,0.999999999958694,0.8442272198501886,4.1305960435927445e-11,0.8112781244591328,0.954434002924965,0.9886994082884974,1.0,0.999999999958694,0.0376084860173577,0.0376084860173577,0.0376084860173577,0.0376084860173577,0.0376084860173577,0.0376084860173577,0.0
banknote,lin,org,275,2,0,25.483636363636364,1.0,19.0,32.0,32.0,32.0,31.0,0.513398321768258,0.0649981933915699,0.32826657224309735,0.4745270843510426,0.670941902550807,0.9999899482229836,0.9349917548314137,0.9317696390139196,0.25,0.956439393939394,1.0,1.0,1.0,0.75,0.9359988490346859,0.0,0.9354166666666666,1.0,1.0,1.0,1.0,0.9430670803676232,0.375,0.9375,1.0,1.0,1.0,0.625,0.9609792832523871,0.5,0.9212962962962963,1.0,1.0,1.0,0.5,0.18236662053860858,4.1305960435927445e-11,4.1305960435927445e-11,4.1305960435927445e-11,0.3372900666170139,1.0,0.999999999958694,0.1894135820371016,4.1305960435927445e-11,4.1305960435927445e-11,4.1305960435927445e-11,0.2583236403181057,1.0,0.999999999958694,0.9582931533269045,0.9582931533269046,0.9582931533269046,0.9582931533269046,0.9582931533269046,0.9582931533269046,0.0
banknote,lin,zoo,275,2,1,23.10909090909091,1.0,15.5,26.0,32.0,32.0,31.0,0.9705028604057485,0.7482382864057876,0.9705230168801555,0.9972887806497734,0.9997563488766243,0.9999999998784624,0.25176171347267484,0.586307824003293,0.125,0.40625,0.5769230769230769,0.75,1.0,0.875,0.4285313439247561,0.0,0.28125,0.4375,0.59375,1.0,1.0,0.5874359002203536,0.0454545454545454,0.40625,0.5625,0.75,1.0,0.9545454545454546,0.9283143522665241,0.5,0.9032258064516128,0.9375,1.0,1.0,0.5,0.7903205752691979,4.1305960435927445e-11,0.7610414845235078,0.9283620723948678,0.9852281360342516,1.0,0.999999999958694,0.7993762529074074,4.1305960435927445e-11,0.74959525725948,0.9283620723948678,0.9809047717576251,1.0,0.999999999958694,0.0964320154291224,0.0964320154291224,0.0964320154291224,0.0964320154291224,0.0964320154291224,0.0964320154291224,0.0
banknote,svm,hsj,275,2,1,26.014545454545456,1.0,21.0,32.0,32.0,32.0,31.0,0.7476172662772538,0.3752575977017747,0.6528538923553728,0.7678617705040935,0.8514003267145138,0.9951512433455264,0.6198936456437517,0.6519720986473212,0.0,0.5236895161290323,0.7142857142857143,0.84375,1.0,1.0,0.3480279013526788,0.0,0.15625,0.2857142857142857,0.47631048387096775,1.0,1.0,0.6519720986473212,0.0,0.5236895161290323,0.7142857142857143,0.84375,1.0,1.0,1.0,1.0,1.0,1.0,1.0,1.0,0.0,0.710026766091245,4.1305960435927445e-11,0.5831542382100035,0.8112781244591328,0.9283620723948678,1.0,0.999999999958694,0.710026766091245,4.1305960435927445e-11,0.5831542382100035,0.8112781244591328,0.9283620723948678,1.0,0.999999999958694,0.0,0.0,0.0,0.0,0.0,0.0,0.0
banknote,svm,org,275,2,0,25.483636363636364,1.0,19.0,32.0,32.0,32.0,31.0,0.020403021231985452,5.286466094686521e-09,4.8881878603027e-05,0.0004543851342284,0.00735146497070175,0.8339581410665977,0.8339581357801317,0.9430670803676232,0.375,0.9375,1.0,1.0,1.0,0.625,0.9430670803676232,0.375,0.9375,1.0,1.0,1.0,0.625,0.9430670803676232,0.375,0.9375,1.0,1.0,1.0,0.625,1.0,1.0,1.0,1.0,1.0,1.0,0.0,0.18236662053860858,4.1305960435927445e-11,4.1305960435927445e-11,4.1305960435927445e-11,0.3372900666170139,1.0,0.999999999958694,0.18236662053860858,4.1305960435927445e-11,4.1305960435927445e-11,4.1305960435927445e-11,0.3372900666170139,1.0,0.999999999958694,1.0,1.0,1.0,1.0,1.0,1.0,0.0
banknote,svm,zoo,275,2,1,24.62181818181818,1.0,17.0,31.0,32.0,32.0,31.0,0.8605557248720958,3.135755371913913e-06,0.889998215051562,0.9983588520789152,0.9998726586510246,1.0,0.9999968642446281,0.6962288270242925,0.0,0.5625,0.75,0.8911764705882352,1.0,1.0,0.4230947153823946,0.0,0.16954022988505746,0.34375,0.6846590909090908,1.0,1.0,0.6962288270242925,0.0,0.5625,0.75,0.8911764705882352,1.0,1.0,1.0,1.0,1.0,1.0,1.0,1.0,0.0,0.6325261041279492,4.1305960435927445e-11,0.4488644887230295,0.787126586201269,0.9233289532246787,1.0,0.999999999958694,0.6325261041279492,4.1305960435927445e-11,0.4488644887230295,0.787126586201269,0.9233289532246787,1.0,0.999999999958694,0.1241830065359477,0.1241830065359477,0.1241830065359477,0.1241830065359477,0.1241830065359477,0.1241830065359477,0.0
banknote,xgb,hsj,275,2,1,25.247272727272726,1.0,20.0,32.0,32.0,32.0,31.0,0.379028430457647,5.629246792812578e-07,0.04676292735305425,0.2654835989450378,0.7097527449730122,0.9999998202533036,0.9999992573286243,0.6194899307094537,0.0,0.46770833333333334,0.6666666666666666,0.8086080586080586,1.0,1.0,0.3834587916208476,0.0,0.19139194139194135,0.3333333333333333,0.5416666666666667,1.0,1.0,0.620177572015516,0.0,0.4666666666666667,0.6666666666666666,0.8110119047619048,1.0,1.0,0.997713957095536,0.8,1.0,1.0,1.0,1.0,0.19999999999999996,0.7509297979600105,4.1305960435927445e-11,0.631324952222807,0.8571484374283717,0.954434002924965,1.0,0.999999999958694,0.7519570102199177,4.1305960435927445e-11,0.6437049604352726,0.8453509366224364,0.954434002924965,1.0,0.999999999958694,0.0032679738562091,0.0032679738562091,0.0032679738562091,0.0032679738562091,0.0032679738562091,0.0032679738562091,0.0
banknote,xgb,org,275,2,0,25.483636363636364,1.0,19.0,32.0,32.0,32.0,31.0,4.638541849135129e-05,4.130580026464068e-11,8.211367922496199e-09,4.404525150671157e-08,3.1930593955840076e-07,0.0063883699596207,0.0063883699183149,0.9409183200370446,0.375,0.9354166666666666,1.0,1.0,1.0,0.625,0.9394307167312596,0.0,0.9375,1.0,1.0,1.0,1.0,0.9430670803676232,0.375,0.9375,1.0,1.0,1.0,0.625,0.9978512396694216,0.5,1.0,1.0,1.0,1.0,0.5,0.18236662053860858,4.1305960435927445e-11,4.1305960435927445e-11,4.1305960435927445e-11,0.3372900666170139,1.0,0.999999999958694,0.18760115503620456,4.1305960435927445e-11,4.1305960435927445e-11,4.1305960435927445e-11,0.3453247008192176,1.0,0.999999999958694,0.9967320261437908,0.9967320261437908,0.9967320261437908,0.9967320261437908,0.9967320261437908,0.9967320261437908,0.0
banknote,xgb,zoo,275,2,1,20.509090909090908,1.0,9.0,24.0,32.0,32.0,31.0,0.3131793852016377,2.9313554157550503e-10,0.0002505598713085,0.0856749503535453,0.6548547007067211,0.9999993355554504,0.9999993352623149,0.642029821906865,0.0,0.4,0.6785714285714286,1.0,1.0,1.0,0.5162740948700119,0.0,0.25,0.5,0.787176724137931,1.0,1.0,0.6437259051299881,0.0,0.4,0.6785714285714286,1.0,1.0,1.0,0.9969518668660036,0.5,1.0,1.0,1.0,1.0,0.5,0.5657871996269057,4.1305960435927445e-11,4.1305960435927445e-11,0.7793498372920851,0.9283620723948678,1.0,0.999999999958694,0.5676521579036612,4.1305960435927445e-11,4.1305960435927445e-11,0.7706290693639406,0.9283620723948678,1.0,0.999999999958694,0.1512643308689596,0.1512643308689596,0.1512643308689596,0.1512643308689596,0.1512643308689596,0.1512643308689596,0.0
diabetes,lin,hsj,154,2,1,23.792207792207794,1.0,15.0,31.5,32.0,32.0,31.0,0.993106522162529,0.9308419516256856,0.9902877593023192,0.996060692921207,0.9990140279689337,0.9999999376838824,0.06915798605819679,0.5853737446560208,0.0,0.38448275862068965,0.6583333333333333,0.78125,1.0,1.0,0.4527318437319986,0.0,0.34375,0.4375,0.5607638888888888,1.0,1.0,0.5545189846725371,0.2,0.4411111111111111,0.5625,0.65625,1.0,0.8,0.6863886308100627,0.0,0.625,0.6875,0.75,1.0,1.0,0.919044287811141,4.1305960435927445e-11,0.8960382325345574,0.954434002924965,0.9886994082884974,1.0,0.999999999958694,0.7932811561611925,4.1305960435927445e-11,0.6962122601251458,0.8571484374283717,0.954434002924965,1.0,0.999999999958694,0.3242592592592592,0.3242592592592592,0.3242592592592592,0.3242592592592592,0.3242592592592592,0.3242592592592592,0.0
diabetes,lin,org,154,2,0,23.51948051948052,1.0,14.0,31.5,32.0,32.0,31.0,0.7759458242386752,0.0886904627186536,0.6381934169823547,0.82720196995892,0.9482220095198415,0.9999968895445528,0.9113064268258992,0.6865661853328908,0.0,0.4545454545454545,0.8181818181818182,1.0,1.0,1.0,0.6961026080890252,0.0,0.5625,0.71875,0.875,1.0,1.0,0.6651322256576039,0.09375,0.5046296296296297,0.7165178571428572,0.875,1.0,0.90625,0.75095621500497,0.0,0.6439075630252101,0.75,0.875,1.0,1.0,0.7411894884266901,4.1305960435927445e-11,0.5435644431995964,0.8283145305407846,0.9692326370430588,1.0,0.999999999958694,0.4348051070834868,4.1305960435927445e-11,4.1305960435927445e-11,0.3372900666170139,0.8786842917318607,1.0,0.999999999958694,0.6757407407407408,0.6757407407407408,0.6757407407407408,0.6757407407407408,0.6757407407407408,0.6757407407407408,0.0
diabetes,lin,zoo,154,2,1,21.116883116883116,1.0,11.0,22.5,32.0,32.0,31.0,0.9651628770779926,0.521949667675576,0.9698546989518784,0.9929758436389504,0.9991594094634405,0.999998591208214,0.47804892353263795,0.538969652954068,0.0,0.3460477941176471,0.6,0.75,1.0,1.0,0.49062944773668715,0.0,0.3684210526315789,0.4772256728778468,0.59375,1.0,1.0,0.5198623630840711,0.0,0.4090909090909091,0.5370879120879121,0.631578947368421,1.0,1.0,0.6730840755732226,0.0,0.6092995169082126,0.6875,0.75,1.0,1.0,0.8832773960197082,4.1305960435927445e-11,0.8658356884568128,0.954434002924965,0.9886994082884974,1.0,0.999999999958694,0.7143655859960432,4.1305960435927445e-11,0.6252624052234231,0.8409958392818019,0.9449160257643531,1.0,0.999999999958694,0.0648148148148148,0.0648148148148148,0.0648148148148148,0.0648148148148148,0.0648148148148148,0.0648148148148148,0.0
diabetes,svm,hsj,154,2,1,24.27922077922078,1.0,16.0,32.0,32.0,32.0,31.0,0.9840601040170887,0.904181732549425,0.978691304386451,0.9920200069494455,0.9979471854878119,1.0,0.09581826745057498,0.5818839123793165,0.0,0.40625,0.6220238095238095,0.78125,1.0,1.0,0.4175208785070255,0.0,0.28125,0.40625,0.53125,0.8,0.8,0.581818513488271,0.21875,0.46875,0.5909926470588236,0.71875,1.0,0.78125,0.6855580674265035,0.0,0.59375,0.6875,0.75,1.0,1.0,0.881958940273721,4.1305960435927445e-11,0.8571484374283717,0.9233289532246787,0.9886994082884974,1.0,0.999999999958694,0.7906724622318434,4.1305960435927445e-11,0.6962122601251458,0.8571484374283717,0.9633682247868907,1.0,0.999999999958694,0.2987037037037037,0.2987037037037037,0.2987037037037037,0.2987037037037037,0.2987037037037037,0.2987037037037037,0.0
diabetes,svm,org,154,2,0,23.51948051948052,1.0,14.0,31.5,32.0,32.0,31.0,0.6979254808947112,0.2078876072132729,0.4931940398921301,0.7420771305981262,0.9005873277836167,1.0,0.7921123927867271,0.6914812427757459,0.0,0.45629370629370625,0.78125,1.0,1.0,1.0,0.6953800756059146,0.2142857142857142,0.5555555555555556,0.71875,0.875,1.0,0.7857142857142858,0.6651322256576039,0.09375,0.5046296296296297,0.7165178571428572,0.875,1.0,0.90625,0.7558781805311906,0.25,0.6428571428571429,0.75,0.875,1.0,0.75,0.7411894884266901,4.1305960435927445e-11,0.5435644431995964,0.8283145305407846,0.9692326370430588,1.0,0.999999999958694,0.4868528814056763,4.1305960435927445e-11,4.1305960435927445e-11,0.5435644431995964,0.8739810481273579,1.0,0.999999999958694,0.7012962962962963,0.7012962962962963,0.7012962962962963,0.7012962962962963,0.7012962962962963,0.7012962962962963,0.0
diabetes,svm,zoo,154,2,1,21.68831168831169,1.0,11.0,26.5,32.0,32.0,31.0,0.928189620500173,0.306209141259559,0.9115964886173703,0.9802783805006939,0.997004969902834,1.0,0.693790858740441,0.5811516164936942,0.0,0.34375,0.6282894736842105,0.84375,1.0,1.0,0.5071486193567686,0.0,0.3333333333333333,0.5,0.65625,1.0,1.0,0.5786091180816411,0.0,0.4375,0.5916666666666667,0.7458333333333333,1.0,1.0,0.7067111303626187,0.25,0.6092032967032966,0.6875,0.7953125000000001,1.0,0.75,0.8300929504689314,4.1305960435927445e-11,0.8112781244591328,0.9283620723948678,0.983888291188477,1.0,0.999999999958694,0.6724206925165486,4.1305960435927445e-11,0.5435644431995964,0.7578784625383954,0.937555375506403,1.0,0.999999999958694,0.1562962962962963,0.1562962962962963,0.1562962962962963,0.1562962962962963,0.1562962962962963,0.1562962962962963,0.0
diabetes,xgb,hsj,154,2,1,22.538961038961038,1.0,11.25,30.5,32.0,32.0,31.0,0.8483512345464121,0.1248662948648725,0.7888778647154038,0.9449394853079408,0.9930294846825993,0.999998952874934,0.8751326580100616,0.6480567545234341,0.0,0.48611111111111105,0.6858552631578947,0.8854166666666666,1.0,1.0,0.3532916118937559,0.0,0.1875,0.3125,0.5,1.0,1.0,0.6366294140613328,0.0,0.5,0.6666666666666666,0.8125,1.0,1.0,0.7419332301713364,0.0,0.6428571428571429,0.75,0.84375,1.0,1.0,0.7723754961833695,4.1305960435927445e-11,0.6962122601251458,0.8571484374283717,0.9744894033980523,1.0,0.999999999958694,0.6679257869106298,4.1305960435927445e-11,0.4488644887230295,0.764253765951168,0.9659836656131343,1.0,0.999999999958694,0.2894444444444444,0.2894444444444444,0.2894444444444444,0.2894444444444444,0.2894444444444444,0.2894444444444444,0.0
diabetes,xgb,org,154,2,0,23.51948051948052,1.0,14.0,31.5,32.0,32.0,31.0,0.3220559883379414,0.0012200234445541,0.03664324139648425,0.1814573974260906,0.5392620462928187,0.999723994507054,0.9985039710624999,0.6776543098222529,0.0,0.5,0.7165178571428572,0.9661458333333334,1.0,1.0,0.6717582535645643,0.0,0.5,0.7165178571428572,0.875,1.0,1.0,0.6651322256576039,0.09375,0.5046296296296297,0.7165178571428572,0.875,1.0,0.90625,0.7493388221548832,0.0,0.6428571428571429,0.7795138888888888,0.875,1.0,1.0,0.7411894884266901,4.1305960435927445e-11,0.5435644431995964,0.8283145305407846,0.9692326370430588,1.0,0.999999999958694,0.5945551392150169,4.1305960435927445e-11,0.2006223243127146,0.709070177506254,0.954434002924965,1.0,0.999999999958694,0.7105555555555556,0.7105555555555556,0.7105555555555556,0.7105555555555556,0.7105555555555556,0.7105555555555556,0.0
diabetes,xgb,zoo,154,2,1,19.766233766233768,1.0,9.0,22.0,32.0,32.0,31.0,0.6393430451848972,0.0011893616542379,0.32005017628077814,0.763668404506876,0.9615607740326648,0.9997919264457852,0.9986025647915473,0.6180773918982867,0.0,0.5,0.6055555555555556,0.8609375,1.0,1.0,0.4366249274071854,0.0,0.25,0.42118226600985215,0.6171875,1.0,1.0,0.6324991754019823,0.0,0.5,0.6363636363636364,0.78125,1.0,1.0,0.7312556865347343,0.0,0.625,0.71875,0.84375,1.0,1.0,0.7421285891486324,4.1305960435927445e-11,0.6962122601251458,0.8904916402194913,0.9749616495551625,1.0,0.999999999958694,0.6741990258239533,4.1305960435927445e-11,0.4488644887230295,0.8112781244591328,0.9852281360342516,1.0,0.999999999958694,0.1035185185185185,0.1035185185185185,0.1035185185185185,0.1035185185185185,0.1035185185185185,0.1035185185185185,0.0
wilt,lin,hsj,968,2,1,22.77995867768595,1.0,12.0,31.5,32.0,32.0,31.0,0.29506091796680517,0.0666637950331926,0.23443539976903324,0.28353367220754666,0.35144800508962964,0.589947550534201,0.5232837555010084,0.9431818181818182,0.0,1.0,1.0,1.0,1.0,1.0,0.9390907988535779,0.5,0.90625,0.96875,1.0,1.0,0.5,0.9023280339869254,0.03125,0.90625,0.96875,1.0,1.0,0.96875,0.9390907988535779,0.5,0.90625,0.96875,1.0,1.0,0.5,0.25340396364585066,4.1305960435927445e-11,4.1305960435927445e-11,0.2006223243127146,0.4488644887230295,1.0,0.999999999958694,4.1305960435927445e-11,4.1305960435927445e-11,4.1305960435927445e-11,4.1305960435927445e-11,4.1305960435927445e-11,4.1305960435927445e-11,0.0,0.5,0.5,0.5,0.5,0.5,0.5,0.0
wilt,lin,org,968,2,0,22.77995867768595,1.0,12.0,31.5,32.0,32.0,31.0,0.2950609181658291,0.0666637945335392,0.2344354073788713,0.2835336657673566,0.35144799735735427,0.5899475368650283,0.5232837423314891,0.9431818181818182,0.0,1.0,1.0,1.0,1.0,1.0,0.9390907988535779,0.5,0.90625,0.96875,1.0,1.0,0.5,0.9023280339869254,0.03125,0.90625,0.96875,1.0,1.0,0.96875,0.9390907988535779,0.5,0.90625,0.96875,1.0,1.0,0.5,0.25340396364585066,4.1305960435927445e-11,4.1305960435927445e-11,0.2006223243127146,0.4488644887230295,1.0,0.999999999958694,4.1305960435927445e-11,4.1305960435927445e-11,4.1305960435927445e-11,4.1305960435927445e-11,4.1305960435927445e-11,4.1305960435927445e-11,0.0,0.5,0.5,0.5,0.5,0.5,0.5,0.0
wilt,lin,zoo,968,2,1,2.574380165289256,1.0,1.0,1.0,1.0,32.0,31.0,0.7969932054051388,0.227339489043282,0.7803725852034176,0.8373089911813716,0.8478445982954007,0.9045166747617102,0.6771771857184281,0.9431818181818182,0.0,1.0,1.0,1.0,1.0,1.0,0.9237274568134916,0.0,1.0,1.0,1.0,1.0,1.0,0.8872229564096489,0.0,1.0,1.0,1.0,1.0,1.0,0.9237274568134916,0.0,1.0,1.0,1.0,1.0,1.0,0.03611073471119262,4.1305960435927445e-11,4.1305960435927445e-11,4.1305960435927445e-11,4.1305960435927445e-11,1.0,0.999999999958694,4.1305960435927445e-11,4.1305960435927445e-11,4.1305960435927445e-11,4.1305960435927445e-11,4.1305960435927445e-11,4.1305960435927445e-11,0.0,0.5,0.5,0.5,0.5,0.5,0.5,0.0
wilt,svm,hsj,968,2,1,22.5599173553719,1.0,12.0,31.0,32.0,32.0,31.0,0.6184209319411156,4.1305800264640665e-11,0.444631357312012,0.7500934781110472,0.8697512423276824,1.0,0.9999999999586942,0.8878914241754147,0.0,0.875,0.9545454545454546,1.0,1.0,1.0,0.28055442983847195,0.0,0.0,0.0625,0.6953125,1.0,1.0,0.8980434769357319,0.03125,0.90625,0.96875,1.0,1.0,0.96875,0.9795884227544119,0.0,0.96875,1.0,1.0,1.0,1.0,0.2658997013099707,4.1305960435927445e-11,4.1305960435927445e-11,0.2006223243127146,0.4488644887230295,1.0,0.999999999958694,0.29769010795953493,4.1305960435927445e-11,4.1305960435927445e-11,0.25395048074900045,0.5032583347756457,1.0,0.999999999958694,0.1351588170865279,0.1351588170865279,0.1351588170865279,0.1351588170865279,0.1351588170865279,0.1351588170865279,0.0
wilt,svm,org,968,2,0,22.77995867768595,1.0,12.0,31.5,32.0,32.0,31.0,0.0685009458694894,1.175715233501197e-08,0.00027374356110415,0.004416242014291799,0.03279416157497472,0.9996173995772588,0.9996173878201065,0.8931661234762446,0.0,0.8888888888888888,0.9672043010752689,1.0,1.0,1.0,0.893334439539577,0.0,0.90625,0.96875,1.0,1.0,1.0,0.9023280339869254,0.03125,0.90625,0.96875,1.0,1.0,0.96875,0.9807507091126801,0.0,0.96875,1.0,1.0,1.0,1.0,0.25340396364585066,4.1305960435927445e-11,4.1305960435927445e-11,0.2006223243127146,0.4488644887230295,1.0,0.999999999958694,0.28335957011085416,4.1305960435927445e-11,4.1305960435927445e-11,0.205592508185083,0.4586858162005403,1.0,0.999999999958694,0.9559693318729464,0.9559693318729464,0.9559693318729464,0.9559693318729464,0.9559693318729464,0.9559693318729464,0.0
wilt,svm,zoo,968,2,1,8.570247933884298,1.0,2.0,7.0,13.0,32.0,31.0,0.06590173437974411,4.1305800264640665e-11,4.130580026464068e-11,4.130580026464068e-11,4.130580026464068e-11,0.9998981519176506,0.9998981518763448,0.7935725552700266,0.0,0.7142857142857143,0.8918128654970761,1.0,1.0,1.0,0.21165409399649496,0.0,0.0,0.1,0.2955882352941176,1.0,1.0,0.8193376415406951,0.0,0.75,0.9272486772486773,1.0,1.0,1.0,0.9627654922329002,0.0,1.0,1.0,1.0,1.0,1.0,0.3510866121090633,4.1305960435927445e-11,4.1305960435927445e-11,4.1305960435927445e-11,0.7219280948873623,1.0,0.999999999958694,0.375325583762616,4.1305960435927445e-11,4.1305960435927445e-11,0.36229583083114847,0.7642045065086203,1.0,0.999999999958694,0.0164293537787513,0.0164293537787513,0.0164293537787513,0.0164293537787513,0.0164293537787513,0.0164293537787513,0.0
wilt,xgb,hsj,968,2,1,22.84297520661157,1.0,12.0,32.0,32.0,32.0,31.0,0.6082987318536951,1.6457806887016628e-10,0.3368488341961707,0.6579846484441529,0.9213247269965419,0.9999999321942132,0.9999999320296352,0.9010924542638813,0.0,0.90625,0.96875,1.0,1.0,1.0,0.09904550124210398,0.0,0.0,0.03125,0.10390199637023587,0.96875,0.96875,0.8947281651167897,0.03125,0.8872549019607843,0.96875,1.0,1.0,0.96875,0.9812584348019314,0.7272727272727273,0.96875,1.0,1.0,1.0,0.2727272727272727,0.278462613701191,4.1305960435927445e-11,4.1305960435927445e-11,0.2006223243127146,0.4537163391869449,1.0,0.999999999958694,0.25126938970293156,4.1305960435927445e-11,4.1305960435927445e-11,0.2006223243127146,0.4488644887230295,1.0,0.999999999958694,0.1112814895947426,0.1112814895947426,0.1112814895947426,0.1112814895947426,0.1112814895947426,0.1112814895947426,0.0
wilt,xgb,org,968,2,0,22.77995867768595,1.0,12.0,31.5,32.0,32.0,31.0,0.021400423953089116,1.3902913044344716e-06,0.0005207739128131751,0.0011419314092331,0.0027503582307722247,0.991124251196512,0.9911228609052076,0.9083173182838026,0.0,0.9083806818181819,0.96875,1.0,1.0,1.0,0.9086133067285379,0.03125,0.90625,0.96875,1.0,1.0,0.96875,0.9023280339869254,0.03125,0.90625,0.96875,1.0,1.0,0.96875,0.9822712422626778,0.6666666666666666,0.96875,1.0,1.0,1.0,0.33333333333333337,0.25340396364585066,4.1305960435927445e-11,4.1305960435927445e-11,0.2006223243127146,0.4488644887230295,1.0,0.999999999958694,0.2275596192110294,4.1305960435927445e-11,4.1305960435927445e-11,0.2006223243127146,0.3736608914070043,1.0,0.999999999958694,0.8887185104052574,0.8887185104052574,0.8887185104052574,0.8887185104052574,0.8887185104052574,0.8887185104052574,0.0
wilt,xgb,zoo,968,2,1,9.890495867768594,1.0,2.0,7.0,15.0,32.0,31.0,0.046614588521755415,4.1305800264640665e-11,1.4329868981261485e-08,4.090148558573776e-06,0.001376028277201725,0.99962294044412,0.9996229404028142,0.8454964019531875,0.0,0.8,1.0,1.0,1.0,1.0,0.2383607615171799,0.0,0.0,0.0714285714285714,0.3333333333333333,1.0,1.0,0.8336102426852292,0.0,0.7777777777777778,1.0,1.0,1.0,1.0,0.9724676601145855,0.0,1.0,1.0,1.0,1.0,1.0,0.2992071792328484,4.1305960435927445e-11,4.1305960435927445e-11,4.1305960435927445e-11,0.6500224216483541,1.0,0.999999999958694,0.26777119739600314,4.1305960435927445e-11,4.1305960435927445e-11,4.1305960435927445e-11,0.5435644431995964,1.0,0.999999999958694,0.0394304490690032,0.0394304490690032,0.0394304490690032,0.0394304490690032,0.0394304490690032,0.0394304490690032,0.0
banknote,nn,bim,275,2,1,8.796363636363637,1.0,1.0,5.0,14.0,32.0,31.0,0.0017398331978655016,4.130580026464068e-11,4.130580026464068e-11,4.130580026464068e-11,4.193515381317106e-10,0.3808226311413171,0.3808226311000113,0.0487875864317176,0.0,0.0,0.0,0.0,1.0,1.0,0.9512124135682823,0.0,1.0,1.0,1.0,1.0,1.0,0.0487875864317176,0.0,0.0,0.0,0.0,1.0,1.0,1.0,1.0,1.0,1.0,1.0,1.0,0.0,0.06309302842871264,4.1305960435927445e-11,4.1305960435927445e-11,4.1305960435927445e-11,4.1305960435927445e-11,0.998363672593813,0.998363672552507,0.06309302842871264,4.1305960435927445e-11,4.1305960435927445e-11,4.1305960435927445e-11,4.1305960435927445e-11,0.998363672593813,0.998363672552507,0.0,0.0,0.0,0.0,0.0,0.0,0.0
banknote,nn,fgm,275,2,1,7.530909090909091,1.0,1.0,5.0,12.0,30.0,29.0,0.0012883129886998097,4.130580026464068e-11,4.130580026464068e-11,4.130580026464068e-11,4.618033275506453e-10,0.2478158208898603,0.2478158208485545,0.0487875864317176,0.0,0.0,0.0,0.0,1.0,1.0,0.9512124135682823,0.0,1.0,1.0,1.0,1.0,1.0,0.0487875864317176,0.0,0.0,0.0,0.0,1.0,1.0,1.0,1.0,1.0,1.0,1.0,1.0,0.0,0.06309302842871264,4.1305960435927445e-11,4.1305960435927445e-11,4.1305960435927445e-11,4.1305960435927445e-11,0.998363672593813,0.998363672552507,0.06309302842871264,4.1305960435927445e-11,4.1305960435927445e-11,4.1305960435927445e-11,4.1305960435927445e-11,0.998363672593813,0.998363672552507,0.0,0.0,0.0,0.0,0.0,0.0,0.0
banknote,nn,org,275,2,0,25.487272727272728,1.0,19.0,32.0,32.0,32.0,31.0,0.007892391076206373,4.130580026464068e-11,2.3363102733243644e-08,4.0749066131706033e-07,4.289350812229059e-05,0.5204205762991496,0.5204205762578438,0.9433144065708317,0.375,0.9375,1.0,1.0,1.0,0.625,0.9433144065708317,0.375,0.9375,1.0,1.0,1.0,0.625,0.9433144065708317,0.375,0.9375,1.0,1.0,1.0,0.625,1.0,1.0,1.0,1.0,1.0,1.0,0.0,0.18229329612589049,4.1305960435927445e-11,4.1305960435927445e-11,4.1305960435927445e-11,0.3372900666170139,1.0,0.999999999958694,0.18229329612589049,4.1305960435927445e-11,4.1305960435927445e-11,4.1305960435927445e-11,0.3372900666170139,1.0,0.999999999958694,1.0,1.0,1.0,1.0,1.0,1.0,0.0
banknote,nn,pgd,275,2,1,7.530909090909091,1.0,1.0,5.0,12.0,30.0,29.0,0.0005132639503243525,4.130580026464068e-11,4.130580026464068e-11,4.130580026464068e-11,5.28810240559137e-11,0.0905798670160406,0.09057986697473479,0.0487875864317176,0.0,0.0,0.0,0.0,1.0,1.0,0.9512124135682823,0.0,1.0,1.0,1.0,1.0,1.0,0.0487875864317176,0.0,0.0,0.0,0.0,1.0,1.0,1.0,1.0,1.0,1.0,1.0,1.0,0.0,0.06309302842871264,4.1305960435927445e-11,4.1305960435927445e-11,4.1305960435927445e-11,4.1305960435927445e-11,0.998363672593813,0.998363672552507,0.06309302842871264,4.1305960435927445e-11,4.1305960435927445e-11,4.1305960435927445e-11,4.1305960435927445e-11,0.998363672593813,0.998363672552507,0.0,0.0,0.0,0.0,0.0,0.0,0.0
diabetes,nn,bim,154,2,1,9.96103896103896,1.0,3.0,7.0,16.0,32.0,31.0,0.34399976325703097,0.0024006044363136,0.0758199077793304,0.33050248086961564,0.5447010547468051,0.9999946593297876,0.997594054893474,0.5252299620212348,0.0,0.20555555555555555,0.5590277777777778,0.8250000000000001,1.0,1.0,0.6383980554504788,0.0,0.5,0.6363636363636364,0.8671875,1.0,1.0,0.5255475479884647,0.0,0.3333333333333333,0.5,0.7424999999999999,1.0,1.0,0.7084017316573011,0.0,0.5714285714285714,0.7142857142857143,1.0,1.0,1.0,0.6304140218878486,4.1305960435927445e-11,4.1305960435927445e-11,0.8601345029975014,0.9852281360342516,1.0,0.999999999958694,0.5256842228400921,4.1305960435927445e-11,4.1305960435927445e-11,0.7219280948873623,0.954434002924965,1.0,0.999999999958694,0.2781481481481481,0.2781481481481481,0.2781481481481481,0.2781481481481481,0.2781481481481481,0.2781481481481481,0.0
diabetes,nn,fgm,154,2,1,8.11038961038961,1.0,1.0,5.0,12.0,32.0,31.0,0.3870757708351193,0.0005187217130206,0.13361367965102042,0.3287497957512705,0.5932731744648474,0.998991776402436,0.9984730546894154,0.5226266668747253,0.0,0.0,0.5486111111111112,1.0,1.0,1.0,0.6843626417675264,0.0,0.5,0.7142857142857143,1.0,1.0,1.0,0.4720049975885376,0.0,0.2,0.45227272727272727,0.7395833333333334,1.0,1.0,0.6849079390044105,0.0,0.5,0.7,1.0,1.0,1.0,0.5353527892293813,4.1305960435927445e-11,4.1305960435927445e-11,0.7399032787128789,0.9595359542733982,1.0,0.999999999958694,0.40104184510633417,4.1305960435927445e-11,4.1305960435927445e-11,4.1305960435927445e-11,0.879463436454859,1.0,0.999999999958694,0.3201851851851852,0.3201851851851852,0.3201851851851852,0.3201851851851852,0.3201851851851852,0.3201851851851852,0.0
diabetes,nn,org,154,2,0,23.51948051948052,1.0,14.0,31.5,32.0,32.0,31.0,0.5201870235827267,0.0002297424487973,0.1296046706755347,0.5653219079175429,0.896362104565724,0.9996733128874544,0.9994435704386572,0.6935591319997505,0.0,0.4511363636363636,0.80625,1.0,1.0,1.0,0.7023939908555861,0.0,0.5647321428571428,0.71875,0.875,1.0,1.0,0.6651322256576039,0.09375,0.5046296296296297,0.7165178571428572,0.875,1.0,0.90625,0.7564016364933656,0.0,0.65625,0.7619047619047619,0.875,1.0,1.0,0.7411894884266901,4.1305960435927445e-11,0.5435644431995964,0.8283145305407846,0.9692326370430588,1.0,0.999999999958694,0.4731877063593995,4.1305960435927445e-11,4.1305960435927445e-11,0.5330619088682687,0.8571484374283717,1.0,0.999999999958694,0.6757407407407408,0.6757407407407408,0.6757407407407408,0.6757407407407408,0.6757407407407408,0.6757407407407408,0.0
diabetes,nn,pgd,154,2,1,11.62987012987013,1.0,4.0,8.0,17.0,32.0,31.0,0.3099581967368738,0.0086791873242586,0.08193150706367885,0.22862000026215934,0.4589580384847927,0.9987928029770122,0.9901136156527536,0.5477883434919145,0.0,0.25,0.6,0.857489224137931,1.0,1.0,0.608361692585963,0.0,0.40156250000000004,0.6125,0.8,1.0,1.0,0.5665563037501006,0.0,0.3664772727272727,0.5741758241758241,0.75,1.0,1.0,0.6842491775357851,0.0,0.5339285714285714,0.7,0.9068181818181819,1.0,1.0,0.6868904770746745,4.1305960435927445e-11,0.5032583347756457,0.8839158960263913,0.9709505944546688,1.0,0.999999999958694,0.5245946341921783,4.1305960435927445e-11,4.1305960435927445e-11,0.709070177506254,0.9182958340544894,1.0,0.999999999958694,0.3372222222222222,0.3372222222222222,0.3372222222222222,0.3372222222222222,0.3372222222222222,0.3372222222222222,0.0
wilt,nn,bim,968,2,1,1.0,1.0,1.0,1.0,1.0,1.0,0.0,0.018626395371268187,4.130580026464068e-11,0.0196563909190266,0.0196563909190266,0.0196563909190266,0.0644094172080871,0.0644094171667813,0.7407024793388429,0.0,0.0,1.0,1.0,1.0,1.0,0.2665289256198347,0.0,0.0,0.0,1.0,1.0,1.0,0.7355371900826446,0.0,0.0,1.0,1.0,1.0,1.0,0.9927685950413223,0.0,1.0,1.0,1.0,1.0,1.0,4.1305960435927445e-11,4.1305960435927445e-11,4.1305960435927445e-11,4.1305960435927445e-11,4.1305960435927445e-11,4.1305960435927445e-11,0.0,4.1305960435927445e-11,4.1305960435927445e-11,4.1305960435927445e-11,4.1305960435927445e-11,4.1305960435927445e-11,4.1305960435927445e-11,0.0,0.0856516976998904,0.0856516976998904,0.0856516976998904,0.0856516976998904,0.0856516976998904,0.0856516976998904,0.0
wilt,nn,fgm,968,2,1,1.0320247933884297,1.0,1.0,1.0,1.0,32.0,31.0,0.018209245921350464,4.130580026464068e-11,0.0127502205274089,0.0127502205274089,0.0127502205274089,0.8756378014237286,0.8756378013824228,0.9422456095041323,0.0,1.0,1.0,1.0,1.0,1.0,0.09410511363636363,0.0,0.0,0.0,0.0,1.0,1.0,0.9215844524793388,0.0,1.0,1.0,1.0,1.0,1.0,0.9772727272727273,0.0,1.0,1.0,1.0,1.0,1.0,0.00046370302548129463,4.1305960435927445e-11,4.1305960435927445e-11,4.1305960435927445e-11,4.1305960435927445e-11,0.4488644887230295,0.4488644886817235,0.00046370302548129463,4.1305960435927445e-11,4.1305960435927445e-11,4.1305960435927445e-11,4.1305960435927445e-11,0.4488644887230295,0.4488644886817235,0.0649507119386637,0.0649507119386637,0.0649507119386637,0.0649507119386637,0.0649507119386637,0.0649507119386637,0.0
wilt,nn,org,968,2,0,22.77995867768595,1.0,12.0,31.5,32.0,32.0,31.0,0.03780248231427658,4.130580026464068e-11,4.936368842319937e-05,0.0007374262965716,0.005775428456277775,0.9999433952400676,0.9999433951987617,0.9062157145326567,0.03125,0.90625,0.96875,1.0,1.0,0.96875,0.9066578474151241,0.03125,0.90625,0.96875,1.0,1.0,0.96875,0.9023280339869254,0.03125,0.90625,0.96875,1.0,1.0,0.96875,0.983256102054529,0.6666666666666666,0.96875,1.0,1.0,1.0,0.33333333333333337,0.25340396364585066,4.1305960435927445e-11,4.1305960435927445e-11,0.2006223243127146,0.4488644887230295,1.0,0.999999999958694,0.23614489580501824,4.1305960435927445e-11,4.1305960435927445e-11,0.2006223243127146,0.44183886237189235,0.9709505944546688,0.9709505944133628,0.9069003285870756,0.9069003285870756,0.9069003285870756,0.9069003285870756,0.9069003285870756,0.9069003285870756,0.0
wilt,nn,pgd,968,2,1,1.0485537190082646,1.0,1.0,1.0,1.0,15.0,14.0,0.0003860825152114804,4.130580026464068e-11,4.130580026464068e-11,1.3843912538933706e-05,2.3112524000092606e-05,0.1718806393706292,0.1718806393293234,0.9431818181818182,0.0,1.0,1.0,1.0,1.0,1.0,0.3386707988980716,0.0,0.0,0.0,1.0,1.0,1.0,0.9409435261707989,0.0,1.0,1.0,1.0,1.0,1.0,0.9977617079889808,0.0,1.0,1.0,1.0,1.0,1.0,0.000671510807428944,4.1305960435927445e-11,4.1305960435927445e-11,4.1305960435927445e-11,4.1305960435927445e-11,0.6500224216483541,0.6500224216070482,4.1305960435927445e-11,4.1305960435927445e-11,4.1305960435927445e-11,4.1305960435927445e-11,4.1305960435927445e-11,4.1305960435927445e-11,0.0,0.17951807228915662,0.1795180722891566,0.1795180722891566,0.1795180722891566,0.1795180722891566,0.1795180722891566,0.0
